name,placeId,taking_students,notes
360 Wellness Spruce Grove,ChIJix3_5liOn1MRAKhSOKU9rjc,,
4 Elements Wellness Clinic,ChIJv5P23q2HblMRUNCGWFtqZII,,
"78 Elma St W, Okotoks, AB",ChIJU_9WnRqZcVMR3OSnXddJU1Q,,
"80 Acres Counselling, Mediation & Consulting",ChIJ6_eQo6d5ClMRw2o8ueB8Wgs,,
A Better Life Consulting & Counselling,ChIJfVErt1MsE1MRJtS8g0du-B0,,
A Lily Among Thorns Lymphatic & Massage Therapy,ChIJSwgoQI-Rn1MRABrPzOC6k-U,,
A Space to Flourish Psychology,ChIJq6q6DtoXoFMRY4cTjCgsW1o,,
A Thread of Clarity Inc.,ChIJScGmfcshoFMRe28RKytWg4w,,
Able Therapy,ChIJ7Unu3LT2C2cR2GxM2u9kzrA,,
Abraham Counselling Therapy,ChIJAQAwzOtVdFMR08eevJlaO9k,,
Abundant Life Counselling,ChIJ____o7FAcVMRY6nOyto39rY,,
Abundant Life Counselling Services,ChIJS1a9aHCJn1MRiEDRY535P-8,,
Accel Physical Therapy & Massage - Millennium Drive,ChIJl4OmFQ4JsFMRhuSYRQVLNBY,,
Accel Physical Therapy & Massage - Syncrude Sport and Wellness Centre,ChIJ-78pRYQFsFMRiRud3ztqxFg,,
Acceleration Physiotherapy,ChIJ4QGiYjY9oFMRhcvv_UR080E,,
Access Chiropractic and Wellness,ChIJKZqYTFlfcVMRJaJbg2HKYFI,,
Access Counselling,ChIJ1Y94u9oIsFMRw7n_yCjCbp0,,
Achieve Health and Wellness,ChIJhTkIsumIblMRfHOFBSht5Pw,,
Achieve Psychological Services,ChIJUSeeQguRkFMRLlkgOqe5_to,,
Achieve Wellness Spa,ChIJkXCfZzwJsFMRr46K8dmE5g0,,
Active Balance Health Centre,ChIJW2UZI82ZcVMRn5GktzHys38,,
Active Physio Works,ChIJZ_jQkyokoFMRA2IjeFEgAl0,,
Active Physio Works - St. Albert Servus Place,ChIJ-f4b3aQloFMRdAmclJStZmc,,
Active Recovery Therapy Massage Clinic,ChIJ_TGfsFD5n1MRnRgvFSDISe4,,
Actual Relief Massage,ChIJEe62lL2ZcVMR59_8qzroNsE,,
Actualize Psychological Services - St. Albert,ChIJOYBOZXMnoFMR07nOQKa11M4,,
Addiction & Mental Health Services - Alberta Health Services,ChIJS03bU4aXcVMR0nUa9DqQprk,,
Addiction And Mental Health Adult Outreach Services,ChIJ-0BfHu8sE1MRaVx43mIkJU8,,
Addiction Mental Health Community,ChIJi0KIglcsE1MRf04UWpyNXfc,,
Adriel Family Therapy Centre,ChIJFRLmtCVUdFMR6_X6cGwvLus,,
Advance Occupational Therapy Service,ChIJb58he1AtE1MRBRJHlsRHiEs,,
Advanced Counceling & Consulting Practice,ChIJyWXw7bQIsFMRDik4znnF9oQ,,
Advanced Counselling,ChIJ7YUXAaQtE1MRRlTJwb2iJp4,,
Advanced Psychology Institute (API Canada),ChIJZ208PksZoFMRWSA4XpieNFc,,
Advanced Therapeutic Counselling,ChIJXfTtYW5fcVMRB0-qJBMNUxM,,
ADZ Psychology & Wellness Clinic,ChIJ3YeFWm35n1MRMBs89LByC28,,
Affix Therapy,ChIJa_vPrOT5n1MRoYpcT4ouD4s,,
Affordable Child and Family Therapy,ChIJex0OPeqJToYRwUeo-6o4eaM,,
Ahave Massage Spa Lethbridge,ChIJpSLkPKHTqoQRHQzNtXTVmzQ,,
AIKYA Complete Wellness,ChIJW7dM1KK7ClMR172QvbXZ0SU,,
Aira Spa & Wellness Centre,ChIJ8UDl6G5fcVMRmERVgJSEMsw,,
Airdrie - Alberta Supports Centre,ChIJJ-0L0ElfcVMR9EqY1BVqGzs,,
Airdrie Addiction & Mental Health Clinic,ChIJD0jpOm9fcVMRPguJG6eQRiY,,
Airdrie Children's Services,ChIJm0-efAdfcVMRTT-rABKExSg,,
Airdrie Community Health Centre,ChIJE3Vy8XFfcVMRP0JH5ZhXn50,,
Airdrie Community Health Services,ChIJCxwN8XFfcVMR9RoCvj_M17A,,
Airdrie Counselling Centre,ChIJKbaTCBlfcVMRWHmPRF_Y3HE,,
Airdrie Family Eye Doctors | Optometrist in Airdrie,ChIJ1QUM8XFfcVMRCtleAEcuU8I,,
Airdrie Family Services Society,ChIJ9_2uOW9fcVMRQ0_i99Vqh34,,
Airdrie Family Wellness,ChIJ0UXDvJpfcVMRlsOuhd_8Y6M,,
Airdrie Massage Wellness,ChIJ8YK5cFNfcVMRcyTt9G6nc4s,,
Airdrie Pelvic Floor Physiotherapy,ChIJ1Z47pApfcVMRvTdkAytOGjU,,
Airdrie Performance Massage,ChIJR4HzXJRfcVMRr4NefvEvvwo,,
Airdrie Physiotherapy & Massage,ChIJXcWUHnJfcVMRz59slvRAZy8,,
Alana lasovich hypnotherapy,ChIJYV29Ykz5n1MRE2DC8psWLyA,,
Alberta Balance Centre,ChIJJfq8q8NvcVMRIdCsSUfsiB4,,
Alberta College of Massage Therapy,ChIJzQ2lqc0FsFMRaBo3VoaQIZ4,,
Alberta Counselling Centre,ChIJl0m2NuNwcVMR7Gnb9q7dX4s,,
Alberta Counselling Coop,ChIJUZTS1sLhc1MRJGurjpIllyE,,
Alberta Counselling Coop,ChIJryuMTVIPsFMR1fGYJ21g7EA,,
Alberta Counselling Services,ChIJX9UlqZhlcVMRl9tXEqmu-GY,,
Alberta Family Psychology,ChIJ8RtKnbNvcVMRbIUAMQSjVrI,,
Alberta Health Services,ChIJAdEnvy9UdFMRzFbOzrTnY98,,
Alberta Health Services,ChIJbSVdnW9fcVMRzjzVKIqBpBk,,
Alberta Health Svc,ChIJETmr1YqOn1MR0YX-sguvl8U,,
Alberta Psychsystems,ChIJpQO5iugIsFMRNwReI6N1FEw,,
Alberta Spine and Sport,ChIJH89EnXCXcVMRVsS_T8bUJGQ,,
Alberta Supports - Leduc,ChIJDb4QV035n1MRhxEFXx1-gBc,,
Alberta Therapist,ChIJTY2a2zAloFMRRlpLIJNCITU,,
AlbertaHealthServices,ChIJa8Y_VQD5n1MR4-5ym3KMqDc,,
Alchemic Serendipity,ChIJVzOhmjOPn1MRuq8cF1Nu7qo,,
Align Wellness,ChIJVVVl8Z1AcVMRnO13e03OHCA,,
Aligned Minds,ChIJlYuAiR9wcVMRKQllJdOmE8k,,
Aligned Minds Counseling and Therapy,ChIJuXymYg8joFMRliP3mWypov8,,
Allegro Counselling Inc.,ChIJyVOfga43K4gROes-aTdYTQU,,
Alli MacKenzie Hypnotherapy & Energy Healing,ChIJuU7q96f5n1MRhlTiFWRC7Gw,,
Alta-Sask Wellness - Lloydminster,ChIJV1OF1YmyCVMRzxr4n7bBaQs,,
Altruism Connection - Integrative Counselling & Services,ChIJeZ5fhUktE1MRi58ww3g_hBw,,
Alycol Psychological Health Services,ChIJNS1M1POOn1MR4ZMRvpOAgRk,,
Alysha Gurney Counselling Services,ChIJs0V5toItE1MRNodFkZqCP04,,
Amanda Baird,ChIJ__-_BPgjoFMRbZ-6UT5TF_w,,
Amanda Blaire Wellness,ChIJddYEPnU_cVMRT_NRAS94OV8,,
Amber Chenard Psychological Services,ChIJ6XE_-uyRkFMRPcUS00T99N0,,
Amity’s Body & Mind Therapeutic Massage,ChIJHY99E7mzCVMRPlWB5fsP_1I,,
Ana Schlosser Counselling - Medicine Hat,ChIJOUXcBrYtE1MR6cUVTp2QehY,,
Angel's Healing Therapeutic Massage,ChIJjZ-ASadO0SIR7gf3rv206xA,,
Angela Irvine Consulting (Registered Provisional Psychologist),ChIJRxnRx1AsE1MRo9tME1kMOns,,
Angela Jans Counselling Services,ChIJ-5tNAtKHblMRDUdwzk6G9-o,,
Angelis justus,ChIJrSWUdEIPsFMReJr-PLe_Vi8,,
Anger Management Incorporated (Alberta ARMI),ChIJX-cLlFtfcVMRpiCP6igdbH8,,
Angie Ratcliff Counselling,ChIJB10SWuJvcVMRX1bz96MR2w8,,
Annie’s Therapeutic Massage,ChIJIzBhVw37n1MR3jTZBXIELdA,,
Anxiety Clinic of Central Alberta,ChIJB_sNvslVdFMRadEW9JNemaQ,,
APPLE WELLNESS CENTER,ChIJcXxtW25fcVMRIXR_qhCD-hY,,
Approach Psychology,ChIJ0RXidPMjoFMRwfVyaI3S79c,,
Apsi the Ferrance Group,ChIJY50h_egIsFMR8qP24LCY2LQ,,
Arcadia Counselling,ChIJ64cUsx1vcVMRc7GFaeIGF8A,,
ARCH Psychological Services Inc.,ChIJcT10_7SWkFMRTq5iVnnR-Nc,,
Arokaya Healing Wellness Centre (Arokaya Thai Wellness),ChIJpapH71APsFMRWKFVkoedIwo,,
Art of Caring,ChIJuaCUry27ClMRxh3JjoSYpiI,,
ART OF MIND PSYCHOLOGICAL SERVICES,ChIJNV3Ww5s9oFMRgsKEOzSJA4w,,
Ascend Pediatrics,ChIJAQAEVZxAcVMR4YT65qLTJKU,,
ASH Counseling,ChIJzbzbISFHoFMRY0O4Shqhko8,,
Ash Wellness Co.,ChIJP6wtcZq7ClMRQEPgQOwe8wA,,
Ashay Therapy,ChIJSX3Ut0lxcVMRsRZ3pZcUF6M,,
Ashes & Rising Therapy and Wellness,ChIJ4_SmSkdfcVMRHiSDapEiAWI,,
Aspen Grove Counselling,ChIJ7VpX4SxBcVMR1xsg2pk_BJI,,
Aspen Psychology,ChIJm08QsMVBcVMRYeQN9AzS-eg,,
Aspen Psychology Group,ChIJXYNyfTdxcVMRyS3KDAZcNSA,,
Aspen Therapy & Wellness Counselling,ChIJC-j_folvcVMRVoIudbcQXMM,,
Aspen Wellness Centre,ChIJo-UqXtojoFMRvX0o0W63Gcc,,
Aspire Care Clinic,ChIJy-VKOUlfcVMR2mCuqd-EGcw,,
Aspire Counselling and Psychology,ChIJHQCQzvOOn1MRHzGJn05S8Hc,,
Associated Counselling,ChIJ1xjakCdwcVMR-vQ-ONJE3Lg,,
Associates Counselling Services Inc.,ChIJHSMNYbeHblMR1kDrFFSPcM4,,
Assured Psychology,ChIJzYky7CJvcVMROJOUzs8KA60,,
Assured Psychology Counselling Services,ChIJZZoDy9ZBcVMR983NwQ3OpAo,,
At Dawn Wellness Centre,ChIJKRfnbsRfcVMRpwBa_21GuMo,,
Athlete's Choice Massage Sherwood Park,ChIJ___vKYU9oFMRMggERtExXFg,,
Attached Counselling Co.,ChIJbYqroc1xcVMRr_wlGiDv484,,
Attainment Counselling,ChIJqxYLkWwloFMRfjT_TdIkQyk,,
Attuned Psychological Services,ChIJ8bC6Ch7qoW0Ra890Jw_DABg,,
Aura Wellness,ChIJO1IkTm8tE1MRFKNVm7KQNwk,,
Austin Counselling Services,ChIJA-jt1rSh8qQRXsxIDHNxH5o,,
"Authentic You: Counselling, Assessment & Addictions Services Inc.",ChIJk_gfi5gdoFMRPR2HoBFPcy0,,
Authentically You Holistic Counselling Corp,ChIJQYHSVABVdFMRMtKEggGIz6M,,
Aveiro Sleep,ChIJh9pS4JCyCVMRgy_LJYmq7MQ,,
Aveya Therapeutic Massage,ChIJU9WAzdq7ClMRg98YcVb4fL4,,
Awaken Counselling & Holistic Services,ChIJi300QVeXkFMRKFXJdl5H6gg,,
Awaken Medium,ChIJkSjIEaStCVMRy-ObpxsvnIA,,
AXB Psychological Services,ChIJs36NlWtfcVMRl2_HbF1R_Es,,
Axial Physio & Health Inc.,ChIJ4VdM0R2tCVMRd0RXcX-Tv7o,,
Azure Massage and Wellness Camrose,ChIJB5xoW8O7ClMRswf_RwXF0zk,,
B Well Physiotherapy,ChIJqc9zq51AcVMRolR2fLlQ1Xs,,
Back On Track Health Centre,ChIJd1t_VfGOn1MRVHffqDqvXQc,,
Balance Physiotherapy & Massage,ChIJG9dc37iXcVMRBBX9-RDEYOg,,
Balance Psychological Services - Stony Plain,ChIJtzCG33CPn1MRbgKN-QgtYLo,,
Balance Wellness,ChIJJTxnX4AXoFMRUfIz43a8lis,,
BalanceWorks Psychological - Counselling Services,ChIJK9-UN8iWkFMRhVS5itf5oD4,,
"Barbara Douglass, DCP, MC, B.Ed, Counselling Psychology",ChIJGSQ9DGeZcVMRrAS4-YvALos,,
Baynes Family Wellness,ChIJD5yBJ3X5n1MReKYNXAwCndg,,
BE by Design,ChIJz5uOYIQep4MRAnK3mbCKHN8,,
Be Mind Body Therapy,ChIJVVUFDraHblMRxxfXF7eY8bo,,
Be Mind Body Therapy,ChIJAQAkO0aGblMRb9SmaJDuFpI,,
Be Well Psychology,ChIJ6Xq4JelvcVMRxLD4p574Oh4,,
Be Wellness Therapy,ChIJuao0ElpVdFMRDfmS4xw140Y,,
Bea Fisher,ChIJd-UZaZmyCVMR0s1hbm5ZU_8,,
Bear Creek Counselling & Psychology,ChIJPerKfKqWkFMRvYDuKlotBLA,,
Beck Psychological Services,ChIJ0ctQnENBcVMRahPS49Su-gU,,
Begin Within Psychology,ChIJ6-COTQsmoFMR-trBxKJEWt0,,
Beginnings Counselling Services,ChIJy9cDXjKHblMRPx8evs0FMN4,,
Being Human Club,ChIJ2a7CXThxcVMRCOS-cmNU0K8,,
Being Human Services Inc.,ChIJz9Qpt1MsE1MRHP40CBc6MDQ,,
Being One Counselling in Edmonton & Barrhead,ChIJQwVaObQjoFMRAzNF4Lm-j64,,
Ben Hofs Counselling,ChIJzdAi2FNBcVMRZXKb6y38p5Y,,
Berg Psychology,ChIJ4b0mvLsXoFMR1q1mdm9fyG0,,
Bernes Kerry Dr,ChIJmXmIt8uHblMRGM5GhKEoypw,,
Best Bodies Counselling & Hypnotherapy Inc.,ChIJEw9qhdcloFMRkFSUHqsEgdI,,
Best Choice Counselling,ChIJUVkb8iTqDCoRgOZh5vzSOc4,,
Best Relationships Counselling Centre,ChIJxfN1a4c9oFMR2BacTsLgw2w,,
Bethany Mills Psychological Services,ChIJM31lFMyHblMR1LbEi5aU4CI,,
Beyond Balance Psychological Services,ChIJw073dcOzCVMREit-RyA1hBQ,,
Beyond Therapy Counselling & Holistic Services,ChIJYbvWNUyXkFMRmdISbb50WPI,,
"Big Rock Chiropractic, Physiotherapy & Massage",ChIJ99Um4HmXcVMR16X_Wh79X0I,,
Big Rock Psychology,ChIJ3WoBmsuZcVMRL0RfWX0L3y0,,
Biodynamic Wellness Clinic,ChIJJwf3SwCtCVMRQWq5YUm6Wqc,,
Bipolar narcissist therapy,ChIJk-drCgE_oFMRz1FfR7DpU44,,
Bipolar Wellness,ChIJaSUP5uAjoFMRWO4t36nVFU8,,
Birchwood Circle of Care,ChIJfXB7ltkJsFMRugDm8dzD8uk,,
Bishay Psychology,ChIJ67SfoVkXoFMRxgkCKf1RmSQ,,
BJM Counselling,ChIJX62v_2dfcVMR-Bf3e7JucCc,,
Black Counselling and Consulting Services LTD.,ChIJhWCy_BpVdFMR98259opm9Jo,,
Black Rock Counselling,ChIJW2ta3eKHblMRDM-W8Dk9PII,,
Black Rock Therapies,ChIJcbbRqplWdFMRku2i4zI_UcA,,
Blackbird Crossing Counselling & End-of-Life Companioning,ChIJaZAP9KqHblMRjDYEu1VUFns,,
"Blake Psychological - Couples Counselling, Sex Therapy, ADHD, Teen Therapy, Psycho-Educational and ASD Assessment in Edmonton",ChIJad2TzoYZoFMRgp3fTPeGXow,,
Blessingways Family Wellness,ChIJE4DI1HpfcVMRSFUXosHalns,,
Bliss Psychology,ChIJnzENZxdxcVMRVcj4nSJMz9A,,
Bliss Studios,ChIJx2ADrHiZcVMRbv3xb-H-DNM,,
Blissoul Counselling,ChIJv0-YTwYgoFMRkLB0WC2rUW8,,
Bloom Narratives Therapy & Wellness,ChIJFRRVdnFfcVMR4tOi9VFSeAE,,
Bloom Psychological Services,ChIJ08ij70AnoFMRUS3zSeJeKzg,,
Bloom Therapy Wellness Collective,ChIJ80C_dvKOn1MRU_ZNJIFg4YQ,,
Blossom Counselling,ChIJj3YChwIjoFMRoVOGu-9y3q8,,
Blue Leaf Counselling,ChIJ_S89E4GHblMRXBbjKNaHwPM,,
Bluebird Counselling Services,ChIJ6aDMM9I_cVMR9vdx1MIMK9E,,
Bluestone Therapy,ChIJb2IG-LRBcVMRQFTj1N2fmZg,,
Bobbie Cochrane Counselling,ChIJX11yT7BfcVMR4rg_LxlYR4E,,
Bonafide Wellness & Consulting,ChIJl8ZxTHqzCVMR6YcSHxTxyaA,,
Bone and Joint Physiotherapy Inc,ChIJ2dpuCVhVdFMRM7RVzzg8Yt0,,
Bonnie Rude-Weisman,ChIJGVH868ctE1MRHvkfGLYS6z0,,
Boreal Therapy Collective,ChIJX-DGfWkPsFMRHc80gfYwq8o,,
Botten Psychological Services,ChIJKapBF0qRkFMRqyLcffj5RWo,,
BRAD KAUFFMAN Applied Psychology,ChIJlTftzPkXoFMRiXTaAMU9730,,
Brad Moser,ChIJVVUlYLeHblMRbiVuWv2Rqaw,,
Brady & Associates,ChIJwbiEC7aHblMReNF0_OlU6FM,,
"Brandi Rosgen Registered Clinical Counsellor, Meditation & Hypnotherapy Professional",ChIJH9NEAa9fcVMRVH2vLjcbj5k,,
Brandon Boorsma Counselling,ChIJVVXFPPmGblMRHwPIQqOxH4A,,
Brave Roots Psychology,ChIJoaysK18noFMRyFdwQ2IHHP4,,
Breathe Counselling,ChIJc_1r9NkZoFMRiaJL3jjEIb0,,
Breathe Counselling,ChIJMb2uQ54ZoFMR9D1Aj9crVn8,,
Breathe Counselling Calgary,ChIJUwL8cuJvcVMR14PfostuY5o,,
Brentwood Chiropractic Clinic,ChIJ5zflrpMXoFMRWzWHdbdFREQ,,
Bridges Family Programs,ChIJUcBzXFcsE1MR3H3b6leO3Nw,,
Bridges Psychology Services,ChIJjaHRT6H5n1MRGkIunTZrdVU,,
Bridging Connections,ChIJD3jf81ksE1MR0ajgAHAc8Hg,,
Bright Future Counselling and Psychological Services,ChIJhQwY1W5fcVMRC-Bh_1D49lg,,
Bright Horizons Counselling,ChIJp37Y3WWRkFMRZ7GY3s3CzRU,,
Bright-Path Therapeutic Centre,ChIJjaKP3tCPn1MRQz0vqbCfmx8,,
BSB Counselling,ChIJdbq5TiyA3k4REzwneDjdnYU,,
BT Psychology Services,ChIJAQDAKFIPsFMRGiy-SUkJa7o,,
Buchanan-Sedun Yvonne Dr,ChIJ4bjjOi9UdFMRNHrP1E9tz7A,,
Building Bridges Counselling Services,ChIJUZRlkZRxcVMRbm_o-ZhZu-0,,
Bumbleberry Counselling Services,ChIJgxEu1qtfcVMRrAm7kDTnOM0,,
C L Body Therapy,ChIJVfygoG-yCVMRBFnIBLFERug,,
C2 Laser & Aesthetics,ChIJX8j1uxu7ClMRmH1YIhoYex0,,
Calgary and Foothills Therapy Services,ChIJ9bdfGXyZcVMRvE7cPgtOOMg,,
Calgary Counseling Therapists,ChIJ5b3Gnt5xcVMRsKzrBq3lzDU,,
Calgary Counselling & Psychology Centre Inc,ChIJHZWRn9W8_aUROCPIxEeVIRg,,
Calgary Counselling Centre,ChIJafwEYuZvcVMRZC48tFNCn_E,,
Calgary Counselling Clinic,ChIJF9AssMRlcVMRS1jQKZS1Ju8,,
Calgary Couples Counselling Centre Inc.,ChIJx62Ze5pxcVMR5OVXyEtUnnc,,
Calgary Family Counselling,ChIJ5ecAYPVBcVMROcqrfJacqQE,,
Calgary Family Counselling,ChIJv4YyTHBBcVMRTFGRa7QpMZ4,,
Calgary Family Therapy,ChIJr2HSiRlwcVMRsE-6VLFDtGM,,
Calgary Institute of Counselling,ChIJ9-Xsqkt3cVMR1sdT78hh0Lg,,
Calgary Institute of Counselling (North),ChIJ3c_hIP9pcVMR8gjL3yy7Pu4,,
Calgary Mental Health & Wellness Centre,ChIJOR0iPeZxcVMRR3KuR3pT2jQ,,
Calgary Mind & Wellness Clinic,ChIJF9iDYWxvcVMRg_HxEEQLl8A,,
Calgary Psychological Services,ChIJcTB4eUx3cVMRpkC0UKgty74,,
Calgary Psychology and EMDR,ChIJVcDoQ5NxcVMRFfkY2h8zlEA,,
Calgary Reconnect Counselling Group,ChIJVVXFOpdvcVMR2bBbX6GmQeE,,
Calgary Therapy MD,ChIJGR7I--FocVMRabSEUZDj5QY,,
Calgary Therapy Services,ChIJ_Qcnk15xcVMRB3Ntz_IOFJ0,,
Calm & Cozy Corner Heal. Rest. Recover,ChIJfb_ZGwoloFMRBhWnKkEq7qg,,
Calm at the Centre Therapy,ChIJCzuFeeRvcVMRxcjngu0U2t0,,
Calm Collective,ChIJ7SuT8vkjh2YRP10TELj7dpo,,
Calming Energy Counselling,ChIJlazYl0WRkFMR1Z7YglD7mww,,
Camino Counselling,ChIJP2rx-f6ETAMRn1mMDMUcNYQ,,
Campbell Barnes Counselling & Consulting (In-person & Virtual Counselling Services),ChIJyRrQvZCyCVMRrrBa6W8bfFA,,
Camrose & District FCSS,ChIJ61LU4tK7ClMRUVI3iWiBQ6w,,
Camrose Addiction and Mental Health Clinic,ChIJW27eOcO7ClMRPtHn7Tzo7e0,,
Camrose Family Resource Centre,ChIJjQnrVtG7ClMRL_AhAGDrSJE,,
Camrose Wellness Collective Ltd.,ChIJGVF98MS7ClMRkKYUupms5k0,,
Can't We Just Get Along Counselling,ChIJw_4NhRdwcVMRR_izHp46i9M,,
Canadian Mental Health Assn,ChIJHclS9C9UdFMR1WGowo_qVsw,,
Canadian Mental Health Association,ChIJOzNuq7UIsFMR3Au21LNFd_4,,
Canadian Mental Health Association,ChIJHVkcrsO7ClMRMiq84F8gfts,,
Canadian Mental Health Association Main Office,ChIJLRbxzUqRkFMR1X-XQq7L3ng,,
"Canadian Mental Health Association, Alberta South Region",ChIJEwR3DNKHblMRB4CbWjpdV5Y,,
Canadian Psychological and Counselling (CPC) Clinics,ChIJ00UVf0NxcVMRROCCldU7RbI,,
Canopy Cove Counselling (Formerly Williamson & Associates),ChIJ2wXT41cQdFMRrL1sWo5G6fc,,
CapitalCare CHOICE Mental Health,ChIJvU7GhmIkoFMRWH1szDoCB6k,,
Capstone Counselling,ChIJL1BQVA8XoFMRhHskPyOzHDs,,
Captivating Boutique Aesthetics and Wellness Center,ChIJNcMuWjWRkFMRRbKC2CqMSck,,
Cara McGinnis Counselling,ChIJMY7qEqJVdFMR_l9qragK52Y,,
Care Counselling,ChIJjeo5-oiyCVMRBNWCDw5z9f4,,
CARE Psychology,ChIJO0pNKopfcVMRuyN-iXxV3nQ,,
Career Catalysts,ChIJPdMT8mJWdFMRtVrtza614so,,
Caring Counselling,ChIJK4HVftptcVMRjC45pkmHYdg,,
Caroline Walters,ChIJoTVVAcD3n1MRhN80Qqivgn8,,
"Carolyn Claire, Registered Psychologist",ChIJ9bTaxiFwcVMRCgYKJcr54Bk,,
Carolyn Donnelly,ChIJDXh58PoloFMRvBt1wZb9W5M,,
Carya,ChIJT1KF3uZvcVMRmj-oBlpOLyY,,
CASA House,ChIJq5zYc-U9oFMRl2NW6tVqCaE,,
Cascade Psychology and Wellness - Airdrie,ChIJ-4TPLEdfcVMRTNVMLT-fHkI,,
Castle Psychology,ChIJsbwKP1k9oFMRHdG8mA7EsnM,,
Catalyst Counselling Services Inc.,ChIJVVWlLQFycVMRPRmksneW2HM,,
Catholic Family Services Society of Grande Prairie,ChIJuWYoT0mRkFMR5wIFZjl1Kc0,,
Catholic Social Services,ChIJualwxi9UdFMRQFLfJNK8O7k,,
Catholic Social Services,ChIJDYat4ZCyCVMRhIdcCB-yBmE,,
CBI Health - Fort McMurray,ChIJY50h_egIsFMRos8ihfatgMo,,
CBI Health - Lloydminster,ChIJJ5QVqoSyCVMRgzkdCGxEwJs,,
CBI Health - Medicine Hat,ChIJFd_rtlMsE1MR9eXGICtkfSk,,
CBT Therapy Center,ChIJb4rzI96ZcVMRkWx0R5QC0l4,,
CBT Therapy Center,ChIJ77mrRez5n1MR8cbCoWYjun0,,
Celest Gilmour COUNSELLING,ChIJAQAkO0aGblMRuzScVMk01wg,,
Centered In Health Physiotherapy,ChIJGXw2zDCZcVMR9L2IkH5KJwg,,
Central Health Chiropractic & Wellness Clinic,ChIJe4G2s2hfcVMRLRPdjRNDASI,,
"Central Physiotherapy, Chiropractor & Massage",ChIJ04k5JW-7ClMRuwTQJMVaPak,,
Central Therapy,ChIJ3TaCiJRVdFMRwbNo1BzIBiQ,,
Centre for Restorative Mental Health,ChIJ20G1CNG7ClMRfsY0uQyBTEI,,
Centre for Restorative Mental Health,ChIJq6p6LMW7ClMR5kp9Zd3Kt4M,,
Centre Hope,ChIJKekkNQv5n1MRT1465ldw0zo,,
Chance Psychology,ChIJUWDK8IMloFMR4E6Fkr8U7JM,,
Changing Ways,ChIJo1SH8YC7ClMRW3uD1VIsNTQ,,
Chantal Guerin RMT (Therapeutic Oasis),ChIJVUY3b5qRkFMRPv4TebGbcfE,,
Chantel McEvoy - Psychology & Consulting,ChIJj3e-S6ohoFMRlzX9fokbWgA,,
Chantel McEvoy- Psychology & Consulting,ChIJmZs2IygfoFMRRJZecRjuH0A,,
Chantille Groves,ChIJD3jf81ksE1MRB28epw0ADKo,,
Chaos to Calm Counselling & Consulting Ltd.,ChIJuzQNHkItE1MRrApT2W-5ahs,,
Cheryl Hanley,ChIJKQpLsV5fcVMR3Hn5yTRKdXc,,
"Cheryl Hutton, Registered Psychologist",ChIJ5YuDN76HblMROYxTz-m1kSA,,
Child & Family Services,ChIJbaQd9JayCVMRsmf-XIcGP9s,,
Child & Youth Addiction & Mental Health,ChIJCfiYmEuRkFMROm5PUlKdFj0,,
"Child Inspired Psychology Group, INC",ChIJK88w-mtfcVMRS19FaU8bCvo,,
Child Psychological Services & Wellness,ChIJzeIEvY93cVMRmv88qqFolnQ,,
"Child, Youth, Family and Prevention Services- Recovery Alberta",ChIJd3IeYQAtE1MRrMGAYqHGgAc,,
Children & Family EMDR Consulting Inc.,ChIJY7rffz21sS4RtQKwCrg4rZU,,
"Children's Allied Health Services (formerly, CHADS)",ChIJh6ouNvEtE1MRVuZgJwbLXnc,,
Children's Services Medicine Hat (South Region Office),ChIJhZJWEPMtE1MRQCPOY7nlL88,,
Choice Point Psychological Services,ChIJXWxskehpcVMRbdWdWdnShDs,,
Choose You Resilience and Wellness Centre,ChIJf-flNy1xcVMR3MH1RjCyhG4,,
Christian Counselling,ChIJcSXNxpWyCVMReO8J6Uo8r_4,,
Christina Vaillancourt Psychological Services Inc.,ChIJxSDBnMpfcVMRERqKF7L4KLQ,,
"Cindy Gaetz, Psychologist",ChIJW0fxHIaHblMR1VkFfewXqrM,,
Circle of Wellness,ChIJ_7OojVgloFMRrS0hYjPV6e4,,
Cirrus Psychology Services,ChIJWVVOxyBUdFMRHERWyTLqZSg,,
City Centre Counselling,ChIJwxOqSxAtE1MRLRPhFdOvMKQ,,
Claritas Healthcare,ChIJR8xKivMtE1MRDfxJL-ehMSE,,
Clarity Psychology Edmonton,ChIJIQcsiikfoFMRm5UiPlnyWmk,,
Clark Counselling Services Ltd,ChIJK0tANDBUdFMRGFLgA5R8qF8,,
Clarke Psychological,ChIJZ2Ok-CgjoFMRJie4PENk6Js,,
Clear Minds Counselling,ChIJZ7zypwktE1MRENti1dl45xE,,
Clear Presence Psychology,ChIJVUHQVMkjoFMRzBTtr7DF7JI,,
Clearview Counselling,ChIJs66QuXl3cVMRk52XCzQijVo,,
Clearwater Counselling & Psychological Services Ltd.,ChIJETTnYzOYcVMR3vqsqv2dz1g,,
Clearwater Physical Therapy,ChIJX8ZIXugIsFMRRsRjdERQ3h8,,
Client Centered Counselling,ChIJJVlhY3mzCVMRpMjXBBB9y0M,,
Clover Care Health,ChIJV3im1uUXoFMRrVzqTamttPQ,,
Clover Therapy,ChIJseP0x835n1MRx-HQqMO6PoQ,,
Cochrane Community Health Centre,ChIJudTUD51AcVMRSQdmvc1Gd3s,,
Cochrane Counselling Centre,ChIJudnBGbFAcVMRr8jNN9JDRjU,,
Cochrane Family & Community Support Services (FCSS) & Cochrane & Area Family Resource Network (FRN),ChIJXR3D0YNAcVMRJdmhUloIjTY,,
Cochrane Humane Society,ChIJBRhBOIZAcVMR_fsN5z8lrrc,,
Cochrane Massage Therapy by Jenny Williams,ChIJI9wsGINAcVMR86CqRaw2_PE,,
Cochrane Psychology Services,ChIJ6UES2JxAcVMR5iZuc2JJVCc,,
Cochrane Urgent Care Center,ChIJS5IG8nw_cVMRgwamXzsFgxk,,
Collective Healing Centre,ChIJ8ZA57jkjoFMRcIAIeAac7z4,,
Common Thread Psychology,ChIJt3l0YGtfcVMR7HhdjfTQtIA,,
Community Counseling Svc,ChIJNWvMNaCyCVMRNJI53pcblJw,,
Community Counselling Centre,ChIJO57agtMjoFMRL5rpUvayUn4,,
Community Health Services - Prairie North Plaza,ChIJbaQd9JayCVMRPsQXkbZ0g7A,,
Community Links,ChIJieEYO29fcVMROaNwDXGVEd0,,
Community Social Development (FCSS),ChIJtdBjt_GOn1MRtrskLEEq2PU,,
CommunityAim,ChIJnYqU3VmOn1MRn-f405oW7y0,,
Compass Counselling,ChIJSfF6JQD5n1MRxjHZsVNVFFQ,,
Compassion Culture Counselling,ChIJT0TGfX-ZcVMRpN0MHxmqJg8,,
Compassionate Central: Counselling & Therapy,ChIJndJM3WFxcVMRWpwjKZ3JwCM,,
Compassionate Counselling Inc.,ChIJ55s07TAioFMR_iDerDpYoqs,,
Complete Function - Red Deer,ChIJ-6Ih2hFXdFMRE2cg1Sd_NPM,,
Complexions Skin Therapy,ChIJGUtDSJuyCVMR3J7bf3vjI98,,
Connect Psychology,ChIJ43AgmSxucVMR2_UvrSWPhBI,,
Connected Counselling & Psychological Services,ChIJOb4-QJ2HblMRE7d6MdFxH_Y,,
Connected Therapy Services,ChIJ9eogYGyZcVMRuUgvlyOqcD4,,
Connelly Counselling Service,ChIJ_TWUZQv5n1MR0C3yrfzFj58,,
Conquest Counselling & Wellness Inc.,ChIJmbYx5R89oFMRKbHILHEKN3U,,
Conscientia Counselling,ChIJedtxAfFxcVMRkotWrk5EogQ,,
Conscious Counselling Services,ChIJx_TWIi93cVMRgU-sJdHQejE,,
Continuum Psychology,ChIJd7eGMFsnoFMRyhKEygLCzm8,,
Cook Counselling Services,ChIJveQ5qNgloFMR4sSW-SsO-kM,,
Core Elements Counselling & Coaching Services,ChIJc2myRMOHblMR0R9_U9FUr7g,,
Core Elements Counselling Services,ChIJESeGG8eHblMR71lm3eJr3bA,,
Core Psychology & Counselling Calgary,ChIJWTk0aatvcVMRePlYivDTx-o,,
CORE Wellness - Sherwood Park,ChIJadkp5ioWoFMRtDk4ykgZQhE,,
Corinne Baht Therapy,ChIJU8YWrOeZcVMR__YPq7VWRIA,,
Cornerstone Counselling - Glenora,ChIJ94wCEi4ioFMRrgVVeFUafZw,,
Cornerstone Counselling - Mill Woods,ChIJtRE3oaYZoFMR4MAJ1_gKwpc,,
Coulee Winds Counselling,ChIJM69AZSOHblMRa06wFt6oILw,,
Counselling By Brooklynn,ChIJs1sePm5bEQsRWsup2OLPBHQ,,
Counselling for the Health of It,ChIJb5pnQrIjoFMRF8BfanFzFE8,,
Counselling in Calgary with SQA,ChIJwRZdsTxvcVMR_54LNbLX3UI,,
Counselling Solutions,ChIJj91F1gaXkFMRTcDUnvg5ckY,,
Counselling Support Centre Online,ChIJJxEL8CFfcVMRNtGTfNaOpWE,,
Counselling Transformations,ChIJ0ap76uSHblMRP5cx5rNiJo8,,
Country Counselling Services,ChIJQUDi9w24ClMR4mLT_KDY9_g,,
Country Counsellor (The),ChIJbTweDcyZcVMRz0u4sKLmZLU,,
Country Road Counselling,ChIJ0T7HjZlBcVMRv3ADOuWxPnA,,
Couples Counselling Services,ChIJx3zy_40loFMRGq_OUuxEqvk,,
Couples to Cradles Counselling Inc.,ChIJ8Xcq0IqHblMRfk3N8grzJak,,
Cozy Counselling Services,ChIJdQpRMV2HblMRVN9nVQHg13c,,
Cozy Therapies,ChIJR16w_q8_cVMRSANhWM8J0A4,,
Cozy&Co Counselling and Wellness,ChIJhc2XhFVVdFMRukK3_S06_C4,,
Craft Psychology,ChIJnYqiBYFxcVMRj5Bdthvk6VI,,
CRAVE Beauty + Wellness Lab,ChIJPUT3s7OPn1MRU7j-IOeCn0Q,,
Create&Cultivate Wellness,ChIJ445KP2OPn1MRXvoUkvpWAiQ,,
Creative Minds Consulting Services Inc,ChIJffeOy6EtE1MRuUfct0tIQEc,,
Credit Counselling Society Calgary | Free Debt Help and Debt Relief,ChIJxa3SxeFkcVMRhwA8Zt-rucc,,
Credit Counselling Society Edmonton | Free Debt Help and Debt Relief,ChIJCdowlNMjoFMReQTPOead-04,,
CrisisCare Counselling,ChIJ8Xh0IJGyCVMRAkW2lHFhWWo,,
Cross & Magill Psychological,ChIJkxkEMNMjoFMRkU66etEHFj0,,
Crossroads Psychological & Wellness Inc.,ChIJIafilhM9oFMRWUfbv4w6s3c,,
Crosswaters Counselling,ChIJPb5d88UtE1MRavJFRGk24i8,,
Crowsnest Counselling Services,ChIJgewgS-iPb1MRIEuDghhEUhU,,
Crystal Hartman Associates Counselling Services,ChIJVVUlYLeHblMRZq8xFxFEbS4,,
CS Counselling Services,ChIJteWojN2XkFMRh7AJNUwYn8Y,,
Cure MD Medical Centres,ChIJOaIp1Bf5n1MRUa95Zx7azBU,,
Curio Counselling Calgary,ChIJNc2E_GtiG6YRL7TWinFdTHo,,
Curious Paradox Psychological Inc.,ChIJy9yZijkXoFMRo9tj5ORLRgY,,
Currents Art Psychotherapy Studio,ChIJ60Pa4Za7ClMRMv4ibFzJ8Sg,,
CVB Wellness - Athletic Therapy & CranioSacral Therapy,ChIJ933vEsb7n1MRr3ThOYdcbB4,,
D'Anza French Psychological Services Ltd.,ChIJ_7iiZAizCVMRHZUvI5zReas,,
Dana Owen Counselling,ChIJYQnTvRpBcVMREve7UOFPkyo,,
Dara Health,ChIJiZ4CAFhBcVMRwSBZjygKw5U,,
Daring Greatly Psychological,ChIJLzT6KPKOn1MRTAzIZC07lFc,,
Daughters of The Moon,ChIJufs2pGx3bmkRqyln14mt6f4,,
David Small Counselling Psychology,ChIJvTd1CYiZcVMREkSN_fyZnV8,,
Davidson Psychology,ChIJI6Czt1ORkFMRbwKiu14QJfw,,
DC Psychological Services,ChIJr_7PBsVVdFMRxgIN5rfYQqk,,
Deb Vernon,ChIJ1as75W8XoFMRyl6yEIckeeY,,
Deborah Colling Psychological Services,ChIJzaRMv-KHblMRQD3ShWh2Wnw,,
Delia Comer,ChIJbZHiZLsXoFMRM2k2-pO6zME,,
Denelle O'Reilly Psychology and Assessment,ChIJ0yvHAKEloFMRQQUZImDFKts,,
Dermapure Fort McMurray (formerly YMM Cosmetic and Laser Clinic),ChIJhzq8PbQIsFMRa_sea2GskRY,,
DFW Career Services Directions For Wellness Inc.,ChIJVUFyfsS7ClMRUSDhjBNAv1s,,
Dialogue Counselling Services,ChIJTWLzpLGzCVMR7bLrOyNpy9w,,
DISHA COUNSELLING & WELLNESS CENTRE,ChIJRTGNyK7FnwkRP0N4Mp7E2Es,,
Distress Centre Calgary,ChIJI5FE3-ZvcVMRxZ6eE4iXvaM,,
DiveThru,ChIJ3RaHnGgvoFMRG3K6rpu-Ml8,,
Dochas Psychological Services Inc.,ChIJMx1UMQ2Pn1MRqhlx8Mt1w3w,,
Dr Marica Rich Psychologist,ChIJPUiOKsyHblMRqmryF_ksJNc,,
Dr Rishi Singhal Psychiatrist,ChIJT8AfqgotE1MRro5m4FwFaZA,,
Dr Shiyanbola Clinic,ChIJHd_UFVezCVMR9nKRebQXHek,,
Dr. Alisa Singer Psychologist,ChIJySafVRQhoFMR0SPKyQIuZGQ,,
Dr. Alyssa Willoughby,ChIJYWz59-FvcVMRq9ajFsqDK1Q,,
Dr. Aprile Flickinger,ChIJUQR5JtoXoFMRBk9RWNqic34,,
Dr. Carley Christianson,ChIJq6o64uQloFMRNobD_ndU3Kw,,
Dr. Erik Wikman - Registered Psychologist,ChIJE9fhYKghoFMRRcU9j6BsiRY,,
Dr. Jennie Psychology Group,ChIJq6paXiZUdFMRWE81JRTHBa4,,
Dr. Joan M. C. Hillson,ChIJ49ox5WtfcVMRsEmf_otaczE,,
"Dr. Mary Pudmoreff, Registered Psychologist",ChIJeyqg-rIXoFMRWxmLVeI_hXI,,
"Dr. Melanie Vicino, ND - Naturopathic Doctor Fort McMurray",ChIJz4DqrpoPsFMRupP1axxtepI,,
Dr. Michelle Vandegriend,ChIJVat94eQloFMRgCy-8-3xZdM,,
Dr. Nancy Hurst,ChIJW_y18jAioFMR_e3opqLd-C4,,
Dr. Patrick Keelan,ChIJl5mmGoNAcVMRY-RtSjLf7VI,,
Dr. Ross Plews,ChIJAQCw4ZCyCVMRCnAjPYikxbc,,
Driftwood Balance - Massage & Wellness,ChIJeb2B-fiHblMRchoNaBuhACk,,
Drop-in Single Session Counselling,ChIJbVOrfjgioFMRRucuMuXleh8,,
Duggan Wellness Centre,ChIJwXcdfjG6ClMRFt3BoxYlXZc,,
Dynamic Healing,ChIJpVxSmyezCVMRB2HodHp8krs,,
Dynamic Physiotherapy,ChIJ-4Z9JimYcVMRXIZAeYSIoo4,,
Dynamic Physiotherapy and Wellness,ChIJr9nBt_GOn1MRnR9LB3isxO8,,
Dynamic Psychological,ChIJAQDw6XT5n1MR2HFxn_3lci0,,
E & A massage is EA Advanced Clinical Massage Therapy Ltd,ChIJbWMFCoz5n1MRM6rZbfohAFg,,
E Sky Psychological,ChIJWxojl86Pn1MRKnaf7okPzWw,,
E&W Alina Massage,ChIJBUTze5wJsFMRyxkVsF2aCnQ,,
Eastgate Physiotherapy Clinic Sherwood Park,ChIJDSJAlpYXoFMRg-Fpe_0jfjk,,
Eastside Community Mental Health Services (Wood's Homes),ChIJEZCbdyl7cVMR4twtQ_my_xw,,
Eden Health & Wellness Inc.,ChIJf-NDjgQloFMRKMjQYkWvIsE,,
Edenbridge Family Services Inc,ChIJU2sYurWHblMRcSU_s5a4_gg,,
Edgar Psychological,ChIJt1sOPisioFMR3uuxXk8Bqzo,,
Edmonton Addiction Family Counselling Services Inc.,ChIJK3t_njgjoFMRgZuphnAF9R4,,
Edmonton Counselling Services,ChIJ_4ML6CEjoFMRozP6eOPfdoo,,
Edmonton Psychological Group,ChIJg0EFgjsioFMRwlBpTIW5Oms,,
Edmonton Psychology Collective,ChIJ1wk4P8EfoFMR3kTdwzh_hbQ,,
Edmonton Therapy Services,ChIJKwY9NDhvcVMRQjh3qjTjIgg,,
Edwards & Holloway Health & Wellness,ChIJnQuGygdVdFMRkufN9E0d9R8,,
Effective Solutions Counselling & Consulting Inc.,ChIJs5GboWtfcVMRC5s_sRCv_ic,,
Element Counselling Services,ChIJfWTx6CUWoFMRJsjimJ8HCEw,,
Elemental Essence Therapy,ChIJHSq88j-zCVMRSJnFzvzs_9c,,
Elements Health,ChIJFwDwJ6uPn1MR4iYRFMBm6wM,,
Elevated Therapy Clinic,ChIJu7tn9MmHblMRPcxy50Kv9c4,,
Elevated Wellness Rmt,ChIJL7v-ywqzCVMR6MOXhsNZ3Fk,,
Elevation Wellness,ChIJKemd462HblMR2bi7naG5dtA,,
Elizabeth wellness massage,ChIJteSxZKz5n1MRe2kqf9ye1b0,,
Elleten Recovery,ChIJrwUdzKlBcVMRxCdmqr-JQjQ,,
Embody Counselling & Coaching Inc.,ChIJgSKvtyBUdFMRkR7mixiD5cU,,
Embrace Psychological Services Inc.,ChIJkSY6dR1fcVMRmpq0r2Yg7K4,,
"Embrace Wellness - Pelvic Floor Health, Physiotherapy & Chiropractic",ChIJmyuFqZxfcVMR3UweMEHnMIo,,
Embrace You Wellness,ChIJ-7fJWIMJsFMR1H7hNeBTQF0,,
Emerald Hills Pelvic Floor Physio & Sport Clinic Sherwood Park,ChIJO0hKtOQ9oFMRdX5beeUJ6QM,,
Emerge Psychology Inc.,ChIJFxYt_fUnoFMR8tQ1-9_n8uQ,,
Eminence Wellness Massage & Reflexology,ChIJdSnFsx75n1MRPRwbeiRc1yA,,
Emma Bulman Counselling,ChIJyxTo2Dh3cVMRTIuB-LUoR58,,
Emotions Therapy Calgary,ChIJ3zWehw5jmwoRzOKo9lgjESs,,
Empowered Solutions,ChIJjS3zq-0FsFMR5w9KKzL27GU,,
Endeavor Mental Health,ChIJZQogoOEXoFMRsjDI5V96N6M,,
Energetic Shifts,ChIJc5WNXS-Pn1MRQ1kp9ohC4O8,,
Energy Heals with Samantha Ross,ChIJeT1x_tAXoFMRUxjRTwA4eeg,,
Envision Medical Spa,ChIJJ5ukA3X5n1MRKDUvQ0RNYjU,,
Envision Occupational Therapy,ChIJVRgMNm9fcVMRpWPHbis0KdI,,
Envision Wellbeing - Psychological Services,ChIJM31lFMyHblMRgGU_Oe8HriY,,
Equinox Therapeutic - Psychologists West Edmonton,ChIJtRsDptggoFMRRME0nIW3uvU,,
Erica Ford Psychology,ChIJc09CVutBcVMRzdZNifS7pa8,,
Erika Kennedy ~ Psychological Services,ChIJadedcAD5n1MRyypBGIp67bk,,
Erin Ridge Family Health Centre - Health & Beauty,ChIJM3QSJRQvoFMRnRNdq2rnnNs,,
Erin Ridge Physio,ChIJJWrSOQsvoFMRd2ERu02bHw4,,
"Eros Therapeutic Services, Inc.",ChIJATFZFOZVdFMRbVpWPs1BiFY,,
Essence Psychological Services Inc.,ChIJDR4nA3hVdFMRdERR5O8nrL8,,
ETC Anger Management Counselling Calgary,ChIJ68P89CVxcVMRvBgQ4HEoLaw,,
Eudaimonia Wellness,ChIJAQBQBjBUdFMROPLkzLFay8s,,
Ever Therapy,ChIJTzucqpFxcVMRtTIKNHbazPg,,
Evolution Physiotherapy Okotoks,ChIJ7wTV-wWZcVMRX7KnTMAqRNk,,
Evolution Psychology,ChIJN4sjrFMnoFMRSuKjxAG5FZI,,
Evolution Psychology,ChIJdQRSBCsWoFMRwrkoGd8aWeA,,
Evolve Counselling & Psychological Services,ChIJteeOaC-RkFMRo61wBKZrRIA,,
Excel Psychological Services,ChIJS9vaAP1vcVMRh7GZxqLOCvw,,
Excelsior Physiotherapy,ChIJuRtaJNEXoFMR8miDAo0nztk,,
Expressive Sandplay Counselling,ChIJO6dX-MWRkFMRWLvPWLyyBYw,,
Family & Psychological Svc,ChIJ53Xm5nkmoFMRXHsVKLpqiSA,,
Family and Community Services Strathcona County,ChIJfYWCF7YXoFMRLH79lLQMV9U,,
Family Centre Downtown,ChIJ5Whk-tGHblMRpE7pk_E5TyA,,
Family Centre North,ChIJiyewXLiHblMRrp2xn3XQnRc,,
Family Centre West,ChIJw4lKDgOJblMRo8fcRLuk-9g,,
Family Christian Centre,ChIJ3wpyQlUIsFMR5DFRpHtYkIo,,
Family Counselling Centres - Beaumont,ChIJz_zfUdUcoFMRn8Rsq66_fpI,,
Family Counselling Centres - Edmonton,ChIJOZpeMi0foFMRijsRq2h3epg,,
Family Counselling Centres - Leduc,ChIJwduHz6b5n1MRHfRmJRpljP8,,
Family Education Society,ChIJZ6PxL0yRkFMRdBttpZhCOjY,,
Family First Chiropractic & Wellness,ChIJHTeWhXdWdFMRvtDbu_vdHIA,,
Family Footcare & Reflexology,ChIJKTLOdn2Rn1MR5NLd4owdk-g,,
Family Inspired Psychological Services,ChIJcaRNNCRUdFMR_uEaeZ0ius0,,
Family Life Massage,ChIJfwTlpiKPn1MR1NBCoot-Zqk,,
Family Life Psychology,ChIJs6y78O2On1MRvKaIoZMSY8I,,
Family Life Psychology & Wellness,ChIJDQ4bEYSPn1MR-OBnHQabkiQ,,
FAMILY MATTERS Interventions,ChIJAQBwe6stE1MR9N9__bkKOvI,,
Family Services Of Central Alberta,ChIJS9T6TzBUdFMR4fqim7OkrW4,,
Family Services Of Central Alberta,ChIJn3n_wrRVdFMR-Q6V2WZSW90,,
Family Services | The Church of Jesus Christ of Latter-day Saints,ChIJq5j9JWGGblMRXMXhwHeQ1M8,,
Family Ties (1997) Association,ChIJdRhej8eHblMR49C0ZiMKm8w,,
Fill Your Cup Counselling & Leanna Santangelo Counselling,ChIJT874me6HblMRAVnpH_15hPw,,
Findlay Grief Therapy,ChIJH8fxwmw_cVMRv_4JMMaLFhU,,
Firefly Counselling and Consulting - Sherwood Park,ChIJ7SwWdGsXoFMRB2taXXZpJt0,,
Fischer Humanistics Inc.,ChIJYRwMTlgsE1MRrIhti69OJno,,
Fischer Psychological,ChIJZSY-mF8XoFMR7r8920uhHgk,,
Fitch & Associates,ChIJ6aG5ESFUdFMRzk6Tpk7tq1Y,,
Flex Physio & Wellness,ChIJbx9shyCRkFMRpQInhMa_HrU,,
FLIP Psychology,ChIJt2NCC2oZoFMRgSp-mVV4b-Q,,
Float Wellness & Massage,ChIJmx7zzyUWoFMRxOEopCUlHxI,,
Flourish Clinic,ChIJIUMrgxM_cVMR4sVyWtii-og,,
Flourish Counselling Services,ChIJlUJntSMtE1MRI6-P1xxhj2Q,,
Flourish Play Therapy And Counselling,ChIJM31lFMyHblMRF9IQeX8A5rc,,
Flourish Psychological Services,ChIJXZjJqkt3cVMRNjjp_2jc7l0,,
FLOURISH PSYCHOLOGY YMM,ChIJa-1oMVgPsFMRaIxnGG_odG8,,
Flow Again Physiotherapy - Red Deer,ChIJpWvzKCVXdFMRQFJZyfZ49cE,,
Flutterby Psychology - Okotoks,ChIJ1XOxEmWXcVMRFZub6gQ9mYE,,
Foothills Family Counselling,ChIJtRYpdnqXcVMRMwsmjBz-QGo,,
Foothills Integrative - Psychotherapy and Neurotherapy,ChIJZzgOxRlwcVMRjEYExr6mUq0,,
Footprints in the Sand Counselling,ChIJ3QYwjmQHSksRzBV7OR0PPNk,,
Fora Physiotherapy,ChIJ9cPy2M47eEURtDhKfuj8z3o,,
Forever Balanced Massage & Wellness,ChIJQwjyrjr5n1MRxbELDGqoLic,,
Forge Psychology,ChIJ61nFgXMioFMRSEC6V6vsVS8,,
Fort McMurray Recovery Centre,ChIJz9GyLmUGsFMRp0zCNB_Y_KE,,
Fort McMurray Stress & Trauma Therapy,ChIJJVllBoEJsFMRMxMQyjgc6FQ,,
Fort McMurray TRT Therapy,ChIJ2TyI8uwPsFMRaSOQBpdXHiM,,
Forward Health & Vitality,ChIJ8dhrimWabWkRPy36gG03D0w,,
Forward Momentum Life Services,ChIJBfjw-KGZcVMRToysHWaXa1o,,
FORWARD Psychology & Wellness,ChIJ2WL29dwjoFMRnhV36cw44jo,,
FP Counselling,ChIJn8aWl01lcVMR7vPDBPh3vKc,,
Francis J Counselling Svc,ChIJRdaUA02RkFMRIZKw2r4dEUY,,
Freedom Counselling,ChIJpY8SfSZVdFMRVv-O67lTsfg,,
Freedom Psychological Consulting,ChIJQYJ5-xi8UWARoXJhOetwWn0,,
Fresh Hope Counselling Ltd. South,ChIJx3gwH6kZoFMRA9PuIRwkeMc,,
Fresh Hope Counselling Ltd. West End,ChIJZzC6ksUjoFMRMqT38785-dA,,
Fresh Life Chiropractic - Lethbridge,ChIJtfPyXUKIblMRxFOdF86zags,,
"Fresh Start Counseling, PLLC",ChIJG3k_Bq6PToYRXbrBkIzoTxk,,
Fresh Start Recovery - Lethbridge Facility Co-ed,ChIJzUDePMyHblMRbXcmbuZOe84,,
Fritzke Counselling & Psychological Services,ChIJoUPD1EiRkFMRp_R8lnqGBh8,,
Froese Psychological Services,ChIJ32aLMCJVdFMRzsoQdpR7Ozs,,
From Play To Words,ChIJx1oqPmqPn1MRjD9dF663xIA,,
Front Porch Counselling,ChIJPaojdtKBblMR8pbZC_GA9yA,,
Frontline Psychology,ChIJA3G7TMoloFMROhPJuHSx09Q,,
Full Circle Women's Clinic,ChIJvQpo4NkloFMRa_BrdBLV8fg,,
FUNctional Therapy Inc.,ChIJcaBC7ImOn1MROWK98HOoZ-I,,
Fyidoctors Okotoks - Southridge,ChIJowXY1CiYcVMR3MFmdDi8bBk,,
Fèath & Elemi- Massage and Wellness Clinic,ChIJU9iSfZUtE1MRLtSbgWGFcsc,,
"Gameday Men’s Health – Lethbridge, AB",ChIJfcuW6maHblMRxCCT_tyPipg,,
Gary Chernecki Marriage And Family Therapist,ChIJDxLWy_KZcVMR33jsVm6LvBY,,
"Gary Gerber, M. Div., RSW, CSAT",ChIJbdKB--lvcVMRxf-bUvCxKdg,,
Gateway Psychology,ChIJqXRCxEkXoFMRFmWps80mqbQ,,
GATEWAY THERAPY COUNSELLING CENTRE,ChIJJTn-6Nm7ClMRDBzV6cRii70,,
Gemini Center,ChIJAdstAjS6ClMRwLMjXS0tOC8,,
"Genovese Trauma & PTSD Recovery - EMDR, CBT and Stress Treatment in Edmonton",ChIJc_QwSr8hoFMRHnY94F5RuLM,,
Gibson Rhonda Dr,ChIJzQeF5nUmoFMRzq4jalcVJL0,,
Glenora Registered Psychologists,ChIJMZhWPisioFMR0E_t1bBLD1c,,
Global Physiotherapy (Sherwood Park),ChIJwaeLzyUWoFMRht2-cjcBhf4,,
Godard Greg Psychologist,ChIJeQXYxVAsE1MRV3_134NvmEs,,
Gold Pro Massage & Wellness Studio,ChIJueK9DPAXoFMRgMa_1KaUuSs,,
Graeme Ford Counselling,ChIJKyvixIjFcFMRl__LqHnnTGo,,
Grande Prairie Alberta Supports Centre,ChIJdyIxSkqRkFMRZcs5pCSVmOg,,
Grande Prairie Counseling,ChIJ54yc2leRkFMRXeyi_OHAaQ0,,
Grande Prairie Physiotherapy & Massage,ChIJDUK8Kq2WkFMRCh8tvTyuw_k,,
Grande Prairie Primary Care Network,ChIJKapBF0qRkFMRUVRxBW6j5xQ,,
Great North Therapy Services Inc,ChIJGbwNKlJxcVMRlJdOfe14O8Y,,
Greater House Counseling,ChIJqZTtOouNVoYR6uvr2mxz0Q4,,
Green Door Clinic Edmonton,ChIJFQ3d3lEjoFMR3ePMqZmLgN8,,
Greenberg Psychological Services,ChIJjRqgMdNRdFMRtlYUvakrO8w,,
Greenspan Psychology,ChIJtXAfQA8joFMRf7Ahnz_YQH4,,
Greenwich Counselling Services,ChIJg8K-C5uPn1MRe3_rbUU6sxI,,
Greenwood Psychology,ChIJT0IwzLMjoFMRhgjJtyIJzeo,,
Grit Psychology & Counselling Airdrie,ChIJbbXNZgZfcVMRkyXdPOtPziw,,
Grit Psychology & Counselling Calgary,ChIJZ9z5LwRvcVMRGZtVQAsH164,,
Grit Psychology & Counselling Red Deer [Anxiety][Depression][Relationship][Psychologist],ChIJj3ROU_ZVdFMRCq2ewT7l-Bw,,
Grounded Wellness Massage Therapy,ChIJIXxgujOPn1MRhPvNQ5qqLag,,
Gwynneth Moore Massage Therapist,ChIJK2Bb8Y27ClMRetklI0dMa9c,,
Habenly Massage Therapy,ChIJWRn8rUOzCVMRe3mwUz3krgA,,
Hands of Light Wellness Clinic,ChIJ5bnp5fgHsFMR-FZzQZZilFQ,,
Hands on Wellness,ChIJKTUjRESzCVMRfOjGiIw3Rpc,,
Happy Hour Psychology,ChIJF89NBnwhoFMRu2en4_MHfU4,,
Haring Counselling Services,ChIJB3RBNDBUdFMRolfFbqokqMg,,
Harland Counselling Lloydminster,ChIJvZoA252zCVMRSYV9YytUSKY,,
Harmonic Haven,ChIJv_4TjdOzCVMR28luoQ7IbJ0,,
Harmonize Counselling,ChIJHdoovexBcVMRF_QsfbNr_kM,,
Harmony Embodied Counselling,ChIJB2AHy4UnoFMRV0EkLdIdSu0,,
Harper Psychology,ChIJK88w-mtfcVMRqWHDFgazCVI,,
Hatch Counselling,ChIJfVG-ofxvcVMRquag9qQ-JKo,,
Haus Of Body | Cryotherapy | Redlight Therapy | Lymphatic Drainage & More,ChIJA6V4_mEtE1MRfbkX0_FVaI4,,
Haven Clinical Counselling,ChIJWYi18tAjoFMRYbAss-zz9HU,,
HEAL Psychology,ChIJDQpBTbhfcVMRe9An0g359e4,,
Healers Physiotherapy,ChIJ_W5XdtJfcVMR5T_50gRyG38,,
Healing Change,ChIJwcU6s0DEcFMRGCbKON_Nj_0,,
Healing Connections - Counselling Services / James Lieske,ChIJx9p7L1gsE1MRqLs3CmMJnAg,,
Healing Evolution,ChIJ3a5MfF6IblMR8BIn-ooUYk0,,
Healing Family Matters Counselling,ChIJQ_pBp5hHoFMRd9P6IAr9pnI,,
Healing Habits Psychotherapy Inc.,ChIJmTbXIAVBcVMRESQ2RQLkNkw,,
Healing Hands Oasis,ChIJOWr8bFAsE1MRDtCZryNQRAk,,
Healing Hands Therapy,ChIJaQs_10mRkFMR2CMyQQ7azHU,,
Healing Hands Wellness,ChIJ8eCSwi-YcVMRYCmzavz4Qvw,,
Healing Hearts Psychology,ChIJVRoSagAloFMR2t-Qkj2_Pe0,,
Healing Journey Collective Inc.,ChIJX-Y8_jCHblMRByKGgpv0YDE,,
Healing Journey Wellness Centre,ChIJ2bOW1BKRn1MRkBAe7cw6TZo,,
Healing Point Massage Therapy,ChIJK--2FLcnoFMRAWuVW9AezQ4,,
Healthology Consulting,ChIJVVUxb5GyCVMRoUONaroPNv8,,
Healthspring Wellness,ChIJd5rXKYwloFMRFETxwlOG9ws,,
Healthy Future Divorce,ChIJ70mx27UmCgcRWtignOSR90k,,
Healthy Living Centre,ChIJl7siftS7ClMRCbMVREKxNcM,,
Healthy Minds Collective,ChIJX3VGiCRvcVMR_i3xJVfGv_U,,
Heart of Healing Inc.,ChIJTzhXe1CZcVMRjh1IpIcLZbU,,
Heart Works Counselling Services,ChIJOTz88mGZcVMRc9XDqVnaXyA,,
Heartisan Counselling and Psychotherapy,ChIJOxbVjewloFMR4TzRjh02Ii8,,
Hedebring Psychological Services,ChIJE6DsnkgloFMRjKICpNidkhI,,
Help for Families Canada,ChIJNw7P8xEZoFMRzPajIOefnKY,,
Helping Marriages,ChIJfd2t4ZCyCVMRkc_p8EjTqBk,,
Henka Divorce Law & Mediation,ChIJGYD91dGzCVMR-a0yKFi0uKo,,
Heritage Assessment and Counselling Services,ChIJ84GDr2hWdFMRs2Z82x0V6S4,,
Heritage Family Services,ChIJfeiG_iVUdFMRk3wDfxlsAXA,,
Hexagon Psychology,ChIJ2e5FdrpfcVMRwvWV3ukCM7E,,
High Calling Family Care Centre,ChIJ3cwY_VVVdFMRKMGCwsejXFo,,
High Country Recovery Counseling,ChIJF7MaGvKOn1MRu8clB92R-4U,,
Higher Ground Counselling,ChIJfUTh8PFvcVMR7SphR9Yrrws,,
Higher Ground Counselling,ChIJvVR-c-OHblMRKI3AShRmyM8,,
Higher Health Acupuncture & Massage Therapy Clinic,ChIJ7dxDbU4PsFMRSY7y9N3X5zk,,
Highland Primary Care Network,ChIJgbYx625fcVMRNY8aQSPE3w4,,
Highland Psychological Services,ChIJ3dUrMYeRkFMRGfRDprRDgsc,,
Highlander,ChIJ60habO6On1MRLKPk_MlcGeI,,
Hiz & Herz Marriage Counselling,ChIJPc7V9eyHblMRQgVRsu3KjRs,,
Holding Hope Counselling Services Inc,ChIJAyzQD-gRdFMRyzZ4ET2Th34,,
"Holistic Elements Massage Therapy, Reflexology & Acupuncture",ChIJqRKOdm2RkFMRxSdWJ00BiH4,,
Holistic Fertility Group,ChIJ39UvQXInoFMRE8nupewS8FM,,
Holistic Healing Counselling,ChIJz0fQyAo9oFMRzInQFK4Wol4,,
Holistic Medical Clinic,ChIJp9Ox1lMPsFMRiq0MJF18CJk,,
Holistic Pain Solutions,ChIJgXAepG-yCVMR5NgoSo54p_I,,
"Holly Verge, RMT | Massage Therapy Fort McMurray",ChIJG5f37gkJsFMRsJpMEwkgLhQ,,
Holsom Wellness Inc.,ChIJwQHPDK4tE1MR6AylZ98kYA8,,
Holtby Professional Counseling,ChIJdVDl6mWzCVMRftopapX6Gq8,,
Hope & Healing Sanctuary - Counselling Services,ChIJy3XIefeVcVMRUxwnnb6u8H8,,
HOPE Biomagnetic Therapy,ChIJpR1uWFuXcVMR4XgFn__zJ3I,,
HopeWell Psychological - Online Therapy in Alberta,ChIJVcIYzAr5n1MR6-oanc2Ydv4,,
Hopfner & Associates Counselling and Consultation,ChIJA3VRNJSyCVMRy5od829nUx8,,
Hospice Society of Camrose and District,ChIJObfglqK7ClMRamNnoKwD_dY,,
Howard & Associates Psychological Services,ChIJYQf18Ys9oFMR2TpgnOU1oAQ,,
Hrushka Cory,ChIJ8yu0vM4eoFMREGa_aq6ek2U,,
Human Growth Hormone Injections Therapy Center,ChIJo9O9P8wJsFMR9R2fkqeuafY,,
"Human Habits, The Hub",ChIJ3Ub0dfOv7akRJfkr2pOaaes,,
Human Integrated Performance,ChIJ8eTGigIjoFMR2y5vnJOV3fs,,
HumanaCare,ChIJO6suuEqRkFMReLptzXAoPP8,,
Humanessense Inc,ChIJeTyO-W4_cVMRcd07qwxvkMM,,
Hypnosis for Health and Happiness Red Deer,ChIJsaW-xGtoC1MRULDW4oceYDI,,
I Got Your Back Massage Therapy,ChIJ3UctU3D5n1MRFou0ylW_He0,,
Iasis Psychological & Consulting Services Inc.,ChIJS_oKCGL5n1MRaBLK_gC3nYk,,
Ideal Insight Psychological Services,ChIJrfA-tRSRkFMRh9QZ9LDAW-0,,
Illumination Therapeutic Services,ChIJC3HZcGeZcVMRHZyZn_JM2Rc,,
Imagine Laserworks Lloydminster,ChIJyYOnuwKzCVMRoGi4s-73fM4,,
"IMATTER - Dr. Easter Yassa, Registered Psychologist",ChIJdYglXYltcVMR5NCIut4VVP8,,
iMental Health Counselling Services,ChIJcd-0QRUnoFMR1NY2mnTRE40,,
Impact Massage & Wellness,ChIJy7O_2Ge7ClMRnCd7qF2R1PY,,
In Touch Psychology,ChIJr9ratjT5n1MR8DcXayQUPho,,
Indigenous Counselling Centre,ChIJMzYcJAyRkFMRkSf0VIyDWLE,,
Indigenous Psychological Services,ChIJ4TOTHjAhoFMRrK6W5Zc9pyo,,
Indigo Insight Counselling,ChIJTRsivLWHblMRRfRPTSIZbws,,
Industrial Strength LC,ChIJf_LdZKG7ClMRia33wdCTEKE,,
Infinite Light transformation services,ChIJU4acpKmRkFMRoYPBsynjklE,,
Infinity massage & wellness in Airdrie,ChIJ46LChsFfcVMRc1lHW6DPBB8,,
Infusion Counselling,ChIJHbcAQFcsE1MRZnbEV4sDH04,,
"Inner Calm Counselling & Yoga | Jacqueline Quick MSW, RSW",ChIJRxHE2oSHblMREW97ywRBdwU,,
Inner Connections,ChIJiZVcsmiPn1MRFj-zQ_Aw6fc,,
Inner Essence Wellness,ChIJB9b4-9AXoFMRcrx01deVVls,,
"Inner Peace Coaching Clinical Hypnotherapy, Somatic Release & Yoga",ChIJywJGQzYH3gYR3tjYWETTjhQ,,
Inner Strength Counseling & Consulting Inc.,ChIJx1FcLnwZoFMRuI_FMAnEFFs,,
Inner Wellness Energy Healing,ChIJ54jvf5u7ClMRnk8NUDCeanE,,
Inner Whispers 111,ChIJEeqRPSe7ClMRJNo13yvbOic,,
Inner Whispers Wellness,ChIJI0ucXsRBcVMRHeD3uCTpHGs,,
Innerlogue Therapy & Psychology,ChIJjY2ZHopvcVMRZIbxwbfZ9BU,,
Insight Counselling Services,ChIJA-lOfKktE1MRrJ00KxzmwnU,,
Insight Psychological - Central,ChIJMSD5QesjoFMRV2E9g-ATLTU,,
Insight Psychological - North,ChIJY0H7CI0koFMRNEwbwv_OHm4,,
Insight Psychological - Sherwood Park,ChIJ3VfYedwXoFMRDQDaZh98I4s,,
Insight Psychological - South,ChIJ8yu0vM4eoFMRP_lBGDGcxds,,
Insight Psychological - West Edmonton,ChIJr9nBt_GOn1MRQyw-2FKwy_4,,
Insight Therapy Center,ChIJOfJM-Q4tE1MRdzc7hqIfHYY,,
Insight Therapy Center,ChIJgxDiLamZcVMRcrys663aA9A,,
Inspirational Insights Counselling,ChIJeV4Lm4NVdFMRvrDIEGOgVEM,,
Inspire Wellness Therapy,ChIJS-a1pL53cVMR38vMM59bDqM,,
Inspired Connections Counselling,ChIJMQCQa9CZcVMR8BcHaEerHVs,,
Inspired Psychological Services,ChIJvyqxtcyZcVMRAB09EBN8-sc,,
Integral Counselling,ChIJR6BHkMmHblMR8ckz8CdJ1WE,,
Integrated Energy Psychology,ChIJg2mQM9EXoFMRE8Cm4jI3FG4,,
Integrated Therapeutic Services,ChIJiwrbYupxcVMRYI2iBR4gutE,,
Integrated Therapies & Performance from HPS,ChIJyRrQvZCyCVMRHfkq15LFzMg,,
Integrated Therapies Massage Edmonton,ChIJCROhwA4ioFMRYtvxwnR4Aas,,
Integrative Psychological Services,ChIJ29CYV02RkFMR14goxJA_xiw,,
Intentional Connections Wellness Services,ChIJX0RsVo8_okgRtKQSSilXtLY,,
Intentional Evolution Psychological Services,ChIJ9X3pv7WHblMRFUzM3vXvPNw,,
Intentional Healing Counselling Psychology - Tanya Ashley,ChIJ8XsevfpxoUURh1EKc7ynJe0,,
Interactive Counselling,ChIJcSgyWnuRkFMRLy1ZUaqs9uQ,,
Into The Heart Counselling,ChIJh0iBTtc_cVMRs2EeJ8jd41Y,,
INTUITION Fascia & Flow Wellness,ChIJT5LpiLpVdFMRxxQF-Bfu3Tg,,
Inviting Conversations Counselling,ChIJVVUZDb8tE1MRoQ0X3eScW6E,,
Iridescence Counselling,ChIJT7JOsUgloFMRM1rcBm5K-ds,,
It Takes Practice Counselling Services,ChIJwwEZ_RpVdFMRNsIPTP35Dsk,,
J Simpson Counselling Services,ChIJVwb5sTktE1MRmRp3TFJlQ7s,,
Jamie Beaton Psychology,ChIJ0zI3XeYPsFMRjI6DzPwngSM,,
"Jamie Watson, Registered Psychologist",ChIJjwznlVlvcVMRC9k71jgHZPc,,
Janet Tink Counselling,ChIJmYKIlGWQkFMRioRzKbwqvIY,,
Japanese Head SPA. Tetiana Marynin,ChIJvxdq7ByzCVMRNh2wyMmY3qk,,
"Jason Barlow, RMT",ChIJVyrxbcSZcVMR7WRUGx55RoQ,,
Jeanne L Williams Psychological Services,ChIJE9yBFxEioFMRHx1m_aUqSPA,,
"Jeff Whitehead MSW, RCSW, CMAT, CSAT",ChIJ28UHayBpcVMRQC_pAO9OHGA,,
Jenna Ibach Counselling,ChIJuTN3ljItE1MR_TOQwTWE0HA,,
Jennifer Rioux Psychology Services,ChIJS4GBa9CZcVMR468Y4bgfNrI,,
Jennifer Spriddle,ChIJP5L7YbeHblMRtYDl1DJTOAA,,
Jennifer Wallin Psychology,ChIJQXIWaxJVdFMRfv-UP1b2Nrw,,
JerricaJects,ChIJkT7fttO7ClMRYg7SkMHJNq8,,
Jessica McDonald Psychology - Red Deer,ChIJXWvxvZNRdFMRFyTONU1blzw,,
"Jessie Morrison, Registered Psychologist",ChIJEdrL2VgFFqoRYDF-hm1t2KQ,,
JFS - Edmonton,ChIJU_-lUisioFMRWqe9HWNNXm4,,
Jillian Martin Psychology,ChIJac3z44wPsFMRFbEp699FOYM,,
Jim Freeman Psychotherapist Ltd,ChIJQcD9FyJUdFMRsWHFik2Oyj0,,
Joanna Card Counselling,ChIJWRHM6YpvcVMRESBSlcx1PeE,,
Joelle Berg Counselling,ChIJt8EJ8kdBcVMRGJORD3PHV7U,,
Jonathan McGregor Counselling,ChIJscgndf1vcVMR-SMwTCJCQB4,,
Jones Counselling Services,ChIJJ5ffqJsqYgYR_IfsW0Rcwrk,,
Josh Dyck Psychology,ChIJsSaKzvyHblMR4yAGaKasAXU,,
Jourdan Tymkow Psychology,ChIJVSaR09QjoFMR09VCbajovko,,
Journey Counselling,ChIJ7S4ppEF3cVMRn1vMwQFH7Ns,,
Journey Psychology,ChIJ0XMPizUWoFMR-J62-aapERQ,,
Joyful Living Therapy Collective,ChIJUaV2vlizCVMRYEpaFlK6vCs,,
JS Counselling Service,ChIJVdfG4DaRkFMR0PRTLlTkMmw,,
Julia Sokulski Therapy,ChIJjVpBVoJBcVMRIfagAh1dJuQ,,
Juniper Naturopathic Clinic,ChIJgwmdIfoJsFMR_2pfrIyO9qc,,
Just Be Counselling & Wellness,ChIJrV6zx6gjoFMRTEEUQUiDzjw,,
Just RELAX Massage Therapy,ChIJXc89POmzCVMRkFLgQk3Ht7Y,,
KALM Psychology,ChIJufNm7zsZoFMRlCwY8pTPQTI,,
Kari Rose Health - Located inside Soulstice Wellness Centre in Cochrane.,ChIJEbF5M4NAcVMR105ZxYe4J_E,,
Karuna Counselling Group,ChIJq78XmA0_cVMRaK7XaGCkdCA,,
Karunia Counselling is now Karunia Counselling & Psychological Services,ChIJy6Mdggv5n1MRSqY2DD5Ny94,,
Kathryn King Naturopathic Doctor,ChIJzSvCNwCzCVMR7JVcGI5QpKU,,
Katie Sauret Psychological Services,ChIJ5R8zZ_MPsFMRoGIk-DkUOKg,,
Katrina Belliveau Counselling Services,ChIJ76p0TDOYcVMRjNKxyoLKWw8,,
Kayla Huszar Counselling Services,ChIJWQrh1EEeHFMRusrCcZIwl0E,,
KC Wellness & Beauty,ChIJL3SiI2xfcVMR3RO39lbbWuA,,
Keen Joanne Chart'd Psychologist,ChIJKdgnyihUdFMRE8dgRW9uUkw,,
Kells Psychology,ChIJv7bFyZ8eoFMRb3cxIKTmB0o,,
Kelly Cook - Discovery Counselling Services,ChIJlQdPyLWHblMRne7uqxA-m9w,,
Kelly Weitz Counselling,ChIJjZM8Ss2HblMRCHDxcjLY6q8,,
Key Connections Consulting Inc,ChIJX6cZ8baHblMRp8DTV4kFx-Q,,
Keys to Hope Counselling Services,ChIJo-9KEqQtE1MRaQ3ZfN2_p7Q,,
Keystone,ChIJH4PyG7UIsFMRIj7lG5eoI_o,,
Kickstand Medicine Hat,ChIJqwhGzUstE1MRFZqOkuvaT5M,,
Kim Friesen Counselling Psychology Inc.,ChIJPZp5tFAsE1MRysD_AmmDYgM,,
Kimberley Law - Registered Psychologist,ChIJ_wU0hg0ioFMR7bKX2hWFb1Y,,
Kimberly Olsen: Registered Massage Therapist,ChIJT1nWesO7ClMRnAxzGtDo8lA,,
Kimberly Ostafie Psychological Services,ChIJMRN_5K2HblMRf_MhsVERTgA,,
Kimberly Talmey Counselling Inc,ChIJDaBZoZ6RkFMRkydHVRW6iLU,,
Kindred Connections Society,ChIJYSPrK-JvcVMRRwTwh7wKNac,,
Kindred Counselling,ChIJ2QHWucZvcVMRHJGnHg0PoOk,,
Kindred Roots Therapy Inc.,ChIJJQC147oar4oRMFxWoGksKaU,,
Kinesis Physical Therapy Corp,ChIJh4_itkWRkFMRs2YrVq7p0F8,,
Kinetic Massage & Wellness,ChIJzT8xpIOPn1MR97Qs287FqtE,,
KM Counselling,ChIJn8f4trZvcVMRVEMFvxHVT0k,,
KMH THERAPY,ChIJc3yrdk6RkFMRMEJ6IbPQdKU,,
Know Better Counselling,ChIJ3Ydhw9aG9oYRjbxIt2V160o,,
Koza Glow,ChIJK6iEX1dVdFMRx4OFVtlCON8,,
Krista's Counselling Services Inc.,ChIJVVUlYLeHblMRwAaEv5guinw,,
Kristyn Georget Counselling,ChIJc7VnknEtE1MRi-ncPubhScE,,
Kruger Counselling Services,ChIJq_VEvu_5n1MR4nCqrGeVo1w,,
Krystal Psychology,ChIJpezBpwaRkFMRzK0VmCfJXhQ,,
Kyler Evans - Arising Phoenix Counselling,ChIJOwnOgxSHblMRClXs1VWfzeA,,
Landry Psychology: Trauma Therapy in Edmonton,ChIJoRd0Z6IZoFMRGGXLRh4U9dQ,,
Lane Psychology,ChIJ__9P_zcioFMRaedsOMyB4FY,,
Launchpoint Wellness,ChIJCZKTFsctE1MRSsRiGbTydGM,,
Laura Offrey Psychology,ChIJJeeB4eQloFMRgwpjGLXrIkM,,
Laura-Lee Bishop Therapy,ChIJH9bm02QtE1MRWsGRbWCLmKU,,
Laurie Fisher Counselling & Consulting,ChIJPQp6GUuRkFMRW0IAkxs-Ajs,,
Laurissa Knight Psychology,ChIJ0VAHjMCZcVMR-2G9qyw75F4,,
LAVA Psychological Services,ChIJGWyzsPpVdFMR5-CEVnQhLH4,,
Lawrence Counselling Services,ChIJO6suuEqRkFMRhBZf3AgQnzw,,
Leading Edge Physiotherapy,ChIJRXh6p7EloFMR6KOjluRe8G0,,
Leading Edge Physiotherapy,ChIJSd65Cq35n1MRB5Jm1eby8f8,,
Leading Edge Physiotherapy - Okotoks,ChIJ308LbzOYcVMRpQpZVHvb6Ss,,
Leap Wellness,ChIJXWNcd3SRkFMRxtTOmINLb3Q,,
Leduc Counselling Connection,ChIJiy6uRKH5n1MRjWf3Io_u8gc,,
Leduc counselling psychologist,ChIJfeUp9y34n1MRZMjuibgxzrQ,,
Leduc Dynamic Health Massage and Wellness Clinic,ChIJ8TJTCKD5n1MRwPHdP2jIqxE,,
Leduc Family & Comm Support Svc,ChIJxf8NlhD5n1MRFT8Ei9BWbbI,,
Leduc Naturopathic Clinic,ChIJAVvGDqD5n1MRsI7Ya_zQztM,,
Leduc Physio - Physical Therapy & Massage Therapy,ChIJI0T7owr5n1MRcvPtD9RExaM,,
Leduc Wellness Centre,ChIJyYmDIAv5n1MRGwmQ29rYgp4,,
Lee’s Peace Country counselling,ChIJYc3KNgCRkFMRjFKBaNy47Zo,,
Legacy Counselling,ChIJsQTv259VdFMRQN8VucnUKII,,
Legacy Counselling Centre,ChIJ7dFTXFUIsFMRCivDAcbhojo,,
Legacy Health,ChIJA1vacDEaxEURdy1xP2dVMMs,,
Lehn-Community Therapy Assoc,ChIJZ8DJKz1HcVMRdIZOLXPciaM,,
Lemon Tree Health Ltd.,ChIJddneXlEjoFMR34CzXopkORw,,
Leora A Splett Counselling & Therapy,ChIJT5N3CgVVdFMRcYxBsjAqNuM,,
Lesley Evans – Alberta Counselling Therapist and Hypnotherapist,ChIJUYxl1Q1fcVMRqL_EOZ9_Rm0,,
Lethbridge Counselling Services,ChIJucJBF8yHblMRpy9mvDYDh0g,,
Lethbridge Family Services Main Office,ChIJcTDnAriHblMR2mxCZVw2m-o,,
"Lethbridge Family Services, Counselling, Outreach & Education Department",ChIJ9-ODFLiHblMRn28thQWuDkA,,
"Lethbridge Family Services, Home Services Department",ChIJvaYD9reHblMR2DBMxcPb6-4,,
"Lethbridge Family Services, Immigrant Services Department",ChIJSfl-0s6HblMRSP4x8Huamxs,,
Lethbridge Institute of Family Therapy (LIFT),ChIJqzuLHkSHblMRR0Q8Gzey45A,,
LETHBRIDGE THAI MASSAGE & WELLNESS,ChIJBX_pOHeGblMRLFFtq7kh98w,,
Lethbridge Therapy Centre,ChIJKWbEUrCHblMRWMe9qP0L-xU,,
Level Up Wellness Group,ChIJ0QDsf7YdoFMRHGGrYqcJtyo,,
Levesque Counselling Inc.,ChIJsyBkB56RkFMRDRX9SV7jC-E,,
Lewis Jack Registered Psychologist,ChIJr5VyB3omoFMRXGTUlQ2IvvI,,
Libbie Young Centre Inc.,ChIJHTSVWIOyCVMRa2edW1hDGKo,,
Life Collective Counselling - Sex Therapy & Couples Counselling,ChIJF1miPTpDEU4RF214ik-f20Y,,
Life of Wellness Institute,ChIJ9b02OEVfcVMRTam7ZkeRA_c,,
Life Review Counseling,ChIJAyIroi9UdFMRCWYL5MpAQuQ,,
Life Set Free Holistic Counselling,ChIJ5Zb0x7FfcVMRwJ4nhsvI1Ao,,
Life Switch Coaching & Counselling,ChIJ31C3snhfcVMRcZRq7ok7rkU,,
Life Unscripted Counselling,ChIJASdoiDOHblMRXnqjcFyFGCA,,
LifeCraft,ChIJ36fbZm1BcVMRnmNMr45ZJ6U,,
Lifeline Physiotherapy and Massage Airdrie,ChIJE_mWbk9fcVMRQX29nnj2mwM,,
Lifemark Grande Prairie,ChIJN1iU0UiRkFMRJVGR8S37Ylw,,
Lifemark Physiotherapy & Massage Okotoks,ChIJU-6OrcmZcVMRJu_Bir8c37c,,
Lifemark Physiotherapy Black Gold Drive,ChIJf1pFvwz5n1MRDqWIyGLZQJ0,,
Lifemark Physiotherapy Sherwood Park,ChIJU1tAizUWoFMR3zX2ZI0b6SA,,
Lifemark Physiotherapy Synergy,ChIJ__2gZCgWoFMREx-6WXwfyWo,,
Lifemark Physiotherapy Willow Brook,ChIJr7ycFmtfcVMR_ZP0hCIbPS0,,
Lifemark Sport Medicine Genesis Place,ChIJIT8LPXlfcVMR9t6g1VjpJoo,,
Lifesmart Counselling Inc,ChIJG0WsOZQJsFMRXIrn4UuLhCI,,
LifeSTAR Alberta,ChIJ7YLpL7eHblMRf0B-EOhNNGk,,
LifeStyle Solutions Therapy,ChIJE514aeJlcVMRAtU1_vrhdVo,,
Lifetalk Counselling Services,ChIJiXErq6tjbVMR-hjAjZXRvlk,,
Light's Hope Counselling & Wellness,ChIJ3-et63X5n1MRiIgGBrs0UQc,,
Lighthouse Counselling,ChIJDaxz-_-HblMRkA4YUz9wwfU,,
Linda Krochak - Counselling & Educational Psychology,ChIJF3YNxHYsE1MRGPbGAAeD0gQ,,
"Linda Storm, MA, CCC, C.Hyp",ChIJ76Mq9R1vcVMRIVexweebSDg,,
Lindi Scribante Dr,ChIJZzkl-YiyCVMR5_4mjR9nOeY,,
Lindsay Lait,ChIJAQAkO0aGblMRxvvP3ZwNN7E,,
"Lisa Best, CT, RCCH, IACP(E)",ChIJ4-z2O0AloFMReR6AwK-_PP0,,
Little Lotus Psychology,ChIJBfcn4fxfcVMRMigneVm5e_c,,
Little Oaks Psychology,ChIJ8_MrgjsioFMRMMt869ZSRc8,,
Little Tree Psychology,ChIJa52QMlsXoFMR2cyTvS11nmc,,
Little Tree Psychology - Camrose,ChIJWybE1-i7ClMRPn2LPmsFiAg,,
Living Well by Design Incorporated,ChIJveQ5qNgloFMRKyjvw-xnQCQ,,
Living Well Counselling,ChIJITQ8ADplcVMRcXjbl_-cRds,,
Living Well Counselling Services,ChIJa0otp1J3cVMRs-jpEI3YQlw,,
Living Well Counselling Services,ChIJS_05OLl6cVMRdxqp77cpzTM,,
LivvWell - The Wellness Hub,ChIJawCQlpBfcVMRbLVzK2jdJlY,,
Liz Westbury MSW RSW,ChIJXUwxusZvcVMRlGmX7nCETsQ,,
Lloydminster - Alberta Supports Centre,ChIJHxWVVRCzCVMRFLe1wno5fM8,,
Lloydminster Primary Care Network,ChIJHXoFbJCyCVMRFjykJNWDUeA,,
Lloydminster Service Canada Centre,ChIJyRxHBm-yCVMRKPFVS7pIxSI,,
Lloydminster Sexual Assault & Information Centre,ChIJGWBL9JayCVMR5YHmobZ0H44,,
"Lori Smehoff, M.A., LMFT Registered Psychologist",ChIJS90L5RlwcVMR4gX-gl-eqvg,,
Lorraine Brooks,ChIJ__8PlepxcVMRpOSdbHLw2Hs,,
Lotus Therapeutic Services Ltd.,ChIJa-ToWJuRkFMRjWl4Y7RkwGg,,
Loussa Counselling Centre,ChIJj-mMKHQhoFMR_e5NMn9SXdE,,
Love At Home Counseling,ChIJzWJlFMyHblMRl3Mz2vPiDWo,,
Love Well Counselling and Support Services,ChIJQwEo7vIZoFMRUbpV4OtdGXg,,
Loving Choices Psychology,ChIJr9RS210ioFMR3nKYhZdj0MM,,
Lucas Psychological Services,ChIJTxukm4j5n1MRefbG1Iymhzw,,
Luciak Counselling - Grande Prairie Counselling,ChIJm3ze6i2XkFMRWXf6GJqvKCQ,,
Luciak Counselling - Red Deer Counselling,ChIJR2cyqC9UdFMRasxrcRH8v0s,,
Luke Sander Psychological Services,ChIJM4LMgM2HblMRnniN_gczV-k,,
Lumina Counselling Services,ChIJ05WRLHYmoFMRYm3atoor53Q,,
Luminescent Healing,ChIJDSS-QOuPn1MRKze2FFV0me4,,
Lumos Psychological,ChIJkQ796qwZoFMRAcohihMf4Wg,,
LUNA Therapy & Lifestyle,ChIJD69xKWxVdFMRiXfmKxbIYXc,,
Luna Wellness Centre,ChIJlVezHQORkFMRA_zxZyVGg_0,,
Maes Divorce Consulting,ChIJP7G9B51AcVMReI56XHD9rhU,,
Mah's Counselling Services,ChIJR2cyqC9UdFMRIo4t7RbyqcQ,,
"Maliya Wellness Centre For Women, Teens & Children",ChIJpZEx1_Y_cVMRLsCVcZQlloU,,
Maloney Elkassem Wellness,ChIJ11Y1m2AmoFMRsEu5gpv_2Xc,,
Maloney Elkassem Wellness psychology and counseling,ChIJi0wVJgAloFMRb4TnHHQVqY4,,
MANLUTAC-DABU CLINIC (Massage Therapy),ChIJP-kFzLAtE1MR8AOiJhLZ3l4,,
Mannas Therapy and Consulting,ChIJ0xKLbSlxcVMRmgwM7Tt038s,,
Mannell Psychological Consulting,ChIJP-ZUh9sIsFMRVIyroJQ3LR4,,
Manor Clinic,ChIJu83PZ2weoFMRNz_WciQivRY,,
Marcus Lynn - Infidelity & Attachment-Focused Therapist,ChIJoafsK4JvcVMRfIgv52DMUb4,,
Margot Lambert,ChIJjaoov0WRkFMRwm2FpjKFSbY,,
Margot Steele Clinical and Counseling Psychology,ChIJxRNwAnYmoFMRqQnDv9zM6-Y,,
"Maribela Arruda-Block, Registered Psychologist, Block Wellness & Consulting Inc",ChIJOxdRX2dUdFMRxsOfaS8HNKc,,
Marpe Wellness,ChIJf51bTK5fcVMRAqEL0igt4Qo,,
"Marta Beranek, Viewfinder Counselling",ChIJFd5edLY9oFMR_PVKcTiPqr8,,
Martin Van Nie Psychological & Consulting Services,ChIJKapBF0qRkFMRzAul51UTYOA,,
Martinson Health,ChIJjS9TZ8S7ClMRT97uyeU750U,,
Mary Dougherty Psychologist,ChIJGf4PT1-ZcVMRoRDdYVLcMNE,,
Masahe Studio,ChIJa43qhmI_cVMRXNLVPTH4qNc,,
Massage Addict Cochrane,ChIJi7CBGO1BcVMRwFHGpXY6Zrw,,
Massage Addict Okotoks,ChIJuajp1MyZcVMRMwVKrB2ioMU,,
"Massage Therapy Collective - Grande Prairie, AB",ChIJ7Qcc9qGRkFMRF2OM2DrFa5U,,
Massage Wellness ( Melissa Thai Healing Center),ChIJT07UqYMPsFMRiUUbV6SiMAM,,
MassageWorks Cochrane and Chiropractic Care,ChIJESKDLiRBcVMRI5xartjQ6Yo,,
Massimo Linda,ChIJMZhWPisioFMRT2k4jwyT0xw,,
Master's Counselling,ChIJkb56gR5xcVMRbUDIWyJbYyk,,
Maya Spiritual Coach Ari Martinez from The Maya Shaman Team,ChIJkybVuN2zCVMRFgb2XCRq2KM,,
McAtee Psychology,ChIJ-3TjvBt3cVMR22dgGQmj_hQ,,
McCormick Psychology,ChIJa0Xw6CUWoFMRBg6q7VVslTA,,
MCG Counselling,ChIJ0efwEkqRkFMRR5qtIyTY8Z4,,
McMurray Mediation,ChIJd1Ri9-AJsFMRPYcOcrDXThQ,,
Medicine Hat - Alberta Supports Centre,ChIJo_JCgM4tE1MRmyNae73bKow,,
Medicine Hat Counselling,ChIJOUXcBrYtE1MRXwHfOzFkR7E,,
Medicine Hat Family Service,ChIJF-2YXlcsE1MRv44Fu3TDQSA,,
Medicine Hat Physiotherapy Centre,ChIJ7_UbvoYtE1MRdSWttI2htNM,,
Medicine Hat Psychologist,ChIJdYpvNaotE1MRBDSZ4znOXfo,,
Medicine Hat Recovery Centre,ChIJAQIDEVEtE1MRdgfjGpLOBu0,,
Medicine Hat Remedial Massage Therapy,ChIJJbIB9lksE1MRW9ULaG10YH4,,
Medicine Tree Healing Arts Centre Inc,ChIJb3j03DOGblMR7S5ifgHnjs0,,
"Melanie Vassell, MC, Registered Psychologist",ChIJ__8qpM2ZcVMRO3VVh3RsDCM,,
Melcor Centre,ChIJ9TsoBNKHblMROyloVUzpX_k,,
Melisha Franks - Learn Heal Thrive,ChIJv-022D4tE1MR_fdmkTx3KbE,,
Mellon Psychological Services,ChIJRUvxOEuRkFMRMSdv3V6wFwI,,
Mental Health,ChIJK7OJeXcmoFMRy_sph4LKcxY,,
Mental Health,ChIJIXZeeVMPsFMRFTKHvRgEZcI,,
Mental Health,ChIJudTUD51AcVMRS5jglP8RXxY,,
Mental Health Clinic,ChIJDXI3lhUtm1MRXVcZrKd4OsM,,
Mental Health Clinic,ChIJedUpXq9HnlMRI-ZzYL1UCPA,,
Mental Health Support Svc,ChIJURmYIe8sE1MRPreCR77K9WI,,
Meridian Integrated Health and Wellness Centre,ChIJXcCvOzKGblMRgKGKq2YlDQg,,
Mersi Counselling Services,ChIJnboHsapfcVMRcDwcxusDC5E,,
Metanoia Mental Health,ChIJ7VOpUdGHblMRqPWp-LHy1r8,,
Michelle Neustaedter Counselling,ChIJRQsBRUJfcVMR2-IjmbHFQLc,,
"Michelle Plamondon, RMT; Michelle Cares Massage",ChIJ6VRQedz5n1MRDC73kKs1B_E,,
Michelle's Massage & Wellness Studio,ChIJhYFHq3GPn1MR4h0OrAUplpM,,
Midnight Sun Wellness Holistic Psychology,ChIJV1EcK7E9oFMRLc1F7HmScyE,,
Mikaela Pahulje Counselling,ChIJM31lFMyHblMRBhInoXPdork,,
Mind & Matter Psychotherapeutics Inc.,ChIJ27dTJJ9RdFMRa59uzqqccU8,,
Mind and Soul Counselling,ChIJewM9fhCPn1MRT-IiCx9wmI4,,
Mind Body Connection - Trevor Smith Psychological Services,ChIJtRTmazctE1MR7fMBsUO5jKQ,,
Mind Body Psych,ChIJIUdQEm0noFMR3quPSmdXJKg,,
Mind Revive Psychotherapy,ChIJoXyHW9hxcVMRIVq3zmiK8Kk,,
Mind360 Psychological Services - St. Albert,ChIJ_-97KT4noFMRPAOyC92Enfw,,
MindBody Physiotherapy & Wellness Clinic,ChIJE1lrNbP7n1MR2NSrrJC01KM,,
Mindbuffs,ChIJ8zXJeWYXoFMR3AjB2iVlwOk,,
Mindful Hands Massage Therapy,ChIJMck96skJsFMRE9_MbUX8hZ4,,
Mindful Heart Psychology,ChIJj6ixUMgXoFMRbq8YERkbbf4,,
Mindful Lotus Psychological & Counselling Services,ChIJBVWan5UnoFMRq7yGsvjw0dQ,,
Mindful Solutions Counselling,ChIJxeXf8fkTlIYRapTYkya5-uY,,
Mindful Wellness,ChIJyyHK-g8_cVMRQXTInxt_LvI,,
Mindfully Now Therapy,ChIJRdpcfmZvcVMRdnHqThssvOs,,
Mindfulness Therapy Clinic,ChIJB2yKE9KPn1MRZxh_AnM-5v8,,
Mindfulness Therapy Clinic,ChIJSWjl5GL5n1MR6ubinbS_DUw,,
Mindscape Psychology Inc.,ChIJ3SmgE7_UbFMR6tm-cKXYnbk,,
Mint Therapeutics,ChIJSV3kUPOPn1MRKyq99n6PhmA,,
Minty's Massage & Wellness,ChIJ9zwp3CoXoFMRaJPNpnrMoKA,,
Mission Health Physiotherapy & Massage,ChIJBaXCsdXulCkRn1mOol8kRek,,
MK Psychology,ChIJXR6rKNoXoFMR3mCs_ed06Ok,,
ML Counselling Services Ltd.,ChIJ9WXADraRkFMRVRr3jy0LJZk,,
MMB Counselling & Consulting,ChIJC22ndU6RkFMRsxQGpRSiVAY,,
MMcFarlane Counseling Services,ChIJGbF4AKyWkFMRzr6HpG8z7Ng,,
Modern Assertive Parenting,ChIJT_9uQV9jvkMRWniJ7mVDelc,,
Modern Calm Wellness Spa,ChIJs2CH4hMJsFMRRVmkeXV3GE4,,
Mollitiam Counselling,ChIJ1WdzmbEloFMRrRDMKAKbThU,,
Momentum Counselling,ChIJ6VnFgXMioFMRzljBhOdlrPw,,
Moon Wellness & Healing,ChIJ7cwty3KRkFMR2MVIWbZBf0c,,
Morello Counselling & Psychotherapy Inc.,ChIJK-ZLP_ORkFMR4FQhBwBF2vw,,
MOSAIC Healing Services,ChIJdaobZ8mHblMRFEe2cJMU2Mw,,
Mountain Ridge Health Centre,ChIJ_6WCvkmGblMRgEvaW5AnNYE,,
Mountain Top Counselling,ChIJG2WHtGlBcVMRqIs9mrb_fpo,,
Moving Forward Counselling Services,ChIJmfyJqr6RkFMRfRiK0FSr-xY,,
Moving Mountains Counseling,ChIJq8MZX9tVdFMR28cwEJfglD0,,
Murray Psychology,ChIJuRXRwjojoFMRMZy0xZFqy_I,,
Murray Silver Counselling Ltd,ChIJUfx8dbWHblMRfUbhMMuGDpc,,
Muscle Elements Health & Wellness.,ChIJubDXS5g9oFMRP1L1IRyBsHM,,
MVMT Physio & Chiro,ChIJe0vgFOEloFMRnSvQUMoVdXg,,
My Harmony Wellness MH,ChIJJVBnojEtE1MRIdWKnePCsHY,,
mY PSYCHOLOGIST,ChIJ3VOtVoU3zI0RoweCmaaaFEA,,
Myriad Psychology Ctr Inc,ChIJl5mmGoNAcVMRdbERriaIS-c,,
Nadine Braun Psychology Inc.,ChIJQetIFlQsE1MRYqZF5C6CGPQ,,
Nadine Lepage Counselling,ChIJq_V0diItE1MR0QixWpmSKgY,,
Namaste Wellness and Day Spa Inc.,ChIJtxmTWbgXoFMR1SyFMm3QMAY,,
Nancy Ann Fowler & Associates,ChIJgfOYB51AcVMRcDrjhjBn7Dw,,
Naomi Ezinga Life Coach with EFT and Reiki,ChIJXx4JIsy7ClMRz8X6B3y843E,,
Natasha Hammond - Discovery Psychology,ChIJjZ5LqalRdFMRCnw2Sxle2OY,,
Native Counselling Services Of Alberta,ChIJvc_iI8yHblMRVZPTOITZAqw,,
Native Counselling Services Of Alberta,ChIJ3y6Irk6RkFMRAldg4P8QhTs,,
Native Counselling Services Of Alberta,ChIJOUdkr7UIsFMRLSpiWDY28qk,,
Native Counselling Services Of Alberta,ChIJDVjgRJGyCVMRaReXOOtXTOs,,
Natural Balance Physiotherapy and Wellness,ChIJQV0oJp1AcVMRbc8oJFdMFLg,,
Nature's Clarity Skincare,ChIJva8Qbs6HblMReY07URtK0Gg,,
Nature's Retreat- Massage Therapy,ChIJ5ftAVoW7ClMRyTgSMnfUnZM,,
Nest Family Counselling,ChIJAaYl7Z8XoFMROUWrvYG1W80,,
NeverMind Counselling,ChIJr7chJgAtE1MRcWGY_9odc-o,,
New Beginnings Educational Consulting & Counselling,ChIJs8meb9AXoFMRxFRDDUpMvao,,
New Beginnings Sleep Consulting,ChIJkXsLSd89oFMRM0XB0RRKC8M,,
New Connections Therapy,ChIJn8B5hhdXdFMRrLlKkbg54Mg,,
New Heights Occupational Therapy and Wellness,ChIJZX-mFu-JblMRTALaMkm1ceI,,
New Heights Therapy,ChIJq6q6J25fcVMR75zgqd3F6nI,,
New Horizon Counselling Services,ChIJI0vOkSoJsFMRfsqgcW8ovEc,,
New Life Counselling,ChIJe5qEBSxpcVMRJFONOjvSQFo,,
New Light Wellness,ChIJ0Wc0NkOZcVMRHZgZOkEhoUY,,
New Purpose Counselling Sylvia Lerette,ChIJq6o64uQloFMRdIfMtb5289A,,
New Start Counselling Services Inc.,ChIJs9KP0Xw8oFMRAlhDG-B_gBk,,
Nexus Psychology,ChIJkSwTCdEXoFMRZO2jFHRCwVU,,
Nick Considine: Holistic Health Services,ChIJGc6lvPyOn1MRbA2a_aHVqkQ,,
Nola Marie Sharp Counselling Service,ChIJTxBCHMm7ClMRjtN9PPyDRQ4,,
Nordic Psychology Inc.,ChIJORz7EpCXcVMRYnCvkxgLXkU,,
North Land Family Counselling Group,ChIJz53PLMOiY0ERtGnjRS7EEq8,,
"Northern Purpose Psychology, Tanner Daniels R. Psych",ChIJ03i5-TdVdFMR6aT1g59Xpd8,,
Northside Psychology,ChIJ34mX8B09oFMRvRqcabhdeVA,,
Northwest Wellness Centre,ChIJox79TkmRkFMRUnbEWDudEaU,,
Nouveau Laser and Aesthetic Centre,ChIJEYC8GXetCVMRojVWXvuUBgw,,
Nova Psychology,ChIJgXgnGLX1n1MRqc3pWjjwPbs,,
NRG Healing Hypnotherapy and Wellness by Jodi Townsend,ChIJEXCEXFk_cVMREqv9Ey8cCtM,,
NuGrowth Counselling & Wellness Services,ChIJaWpaQvstm1MRLNJ2YPSuqi0,,
Nurture Psychology,ChIJT97DOpdvcVMRRKnypZxwwFw,,
Nurtured Minds Retreat- Wizard Lake,ChIJszsfcyrdn1MR7f9f5sjDdSk,,
Nurtured Minds Wellness - Leduc,ChIJAQDQGQv5n1MRrU_sAfP5Sw0,,
Nuway Consulting Services Inc,ChIJVdtu9SRUdFMRt9SwtfPXAGI,,
NWP Student Mental Health Services,ChIJNT1w22KRkFMRwtiOLzkciZc,,
O'Reilly Counselling and Psychotherapy,ChIJ38S-l4APsFMRsYE3WN0_w_g,,
Oak & Acorn Therapy,ChIJg-ybPskjoFMR4Mnt97Ng8nY,,
Oak and Stone Therapy,ChIJg417ZMdVdFMRUYHvz0s2r6I,,
Oasis Family Dental Centre,ChIJPbGYD6X5n1MR2r4pEBT2edA,,
Oasis Health Temp,ChIJM7o26b8_cVMRcf-_4A4e5ic,,
Odyssey Psychological Assessment and Counselling Services- Dr. Naheed Jawed,ChIJOW7VDWtfcVMRIk_ZETq9XEc,,
Off the Beaten Path Psychology and Wellness Airdrie,ChIJ7dWmEKpfcVMRnSfyqzExps4,,
Off the Beaten Path Psychology and Wellness Cochrane,ChIJDeSa19pVD0IRzp2AyEhGh14,,
Off The Couch Psychotherapy,ChIJ52g-F62WkFMRyy4VWVP23Y0,,
Office 231 (Psychology & Counselling Services),ChIJO-A9KBstE1MRnUy68E4cX4A,,
Oiffer Dawn C,ChIJ28kSGHYmoFMRIW_tJ2A2-G4,,
Ok2BU Counselling and Wellness,ChIJWRs98dIVGEIROGbS0zEffPA,,
"Okotoks Autism Services, Piekenbrock Psychology",ChIJV5YYI_GZcVMRfkRRDAE5neg,,
Okotoks Counselling and Psychology Services,ChIJq6oudnqXcVMRGsqwDKTJ8Xk,,
"Okotoks Counselling- Boundless Counseling- Ashley Dreger, MACP",ChIJ76p0TDOYcVMRRtIdb-xCcz4,,
Okotoks Family Resource Centre,ChIJhVLbU4aXcVMRv7QkDZHLiE8,,
Okotoks Health and Wellness Centre,ChIJS03bU4aXcVMRmu80Gevzwfs,,
Okotoks Psychology & Counseling,ChIJA-70QDOYcVMR37OaLNYDu-E,,
OMA Holistic Wellness by Sorina,ChIJlen_3nwJsFMRtLCUxSOjI1U,,
On The Move Mental Health,ChIJcdwTfOQloFMR003h2Bvfe8A,,
One Life Counselling & Coaching,ChIJlyfEv-pxcVMRysDRrJtMydg,,
One Tree Psychological Services,ChIJERkjRhgjoFMR_ESWOL3xoaI,,
Onward Wellness,ChIJ0QLpolFVdFMR3XTfiTs_IUc,,
Onyx Assessments,ChIJRZSiQKY9oFMR3nCfR9S2cy8,,
Onyx Counselling and Psychology,ChIJxWSOt3pEiEgRbwu7HtFl1NQ,,
Open Door Psychology,ChIJ51d1KzUhoFMRkePUSQcOYl4,,
Open Sky Mental Health,ChIJ50nT-lcYoFMRp0b7fZUp0Gw,,
OPENHEART INDIVIDUAL COUPLE & FAMILY THERAPY,ChIJJd5rTMyHblMRqEsrCfV5dVo,,
Opening Doors Counselling,ChIJCcgdt3cmoFMRsGFLY1X7ch8,,
Optimal Life,ChIJvRxqsTV_hlQRaIqduj1dDQc,,
Optimum Wellness Centres - Airdrie,ChIJj-NMTKFfcVMRL_9ADEa--do,,
Our Collective Journey (OCJ),ChIJ6_HqF3ItE1MR4nXc226fZuA,,
Overdose Awareness AB,ChIJgXuhWoYHsFMRRSt9xmp8tLo,,
"Own Your Life Counselling : Tracy Dean MSW, RSW",ChIJC9SpA7FAcVMReNgxRZ01h7M,,
Pamela Moskie Psychological Services,ChIJvctODS26ClMRsuTyN8gZQvA,,
Papillon Advanced Medical Aesthetics,ChIJ5wcncTSYcVMRRzQt8Ls2XFk,,
Paradigm Counselling,ChIJAQCQorEloFMRgUjvLnoQJJk,,
Paramount Psychology and Counselling,ChIJm_P71I6RkFMRzwhb15lZFgU,,
Park Family Counselling,ChIJ-dWYErsXoFMRXcFQWEkv5bM,,
Park Integrative Health,ChIJ64OGiIs9oFMRnH1n5evPNjI,,
Parkland Rehab Physiotherapy,ChIJafky61SOn1MRjL1Tx0Ops3g,,
Parkland Wellness Center,ChIJD6YoPpKPn1MRr9S2jI0UO6U,,
Pathway Psychology,ChIJi9Njjw0ioFMRw21KUOhjqnI,,
Pathways Consulting Inc.,ChIJk_uD3LQIsFMRqflhmOn5owQ,,
Patrick Schiller Psychological Services,ChIJte8Rj7UloFMRnD75bKKvmuU,,
Patterson Counselling Services,ChIJv6nkzSRUdFMREGhVJGjykkw,,
Patty Wagman Counselling & Consulting,ChIJW5n_Y_osE1MRTY0dzyLGavY,,
Pause & Pivot Counselling/Coaching Inc.,ChIJ5dGp85RfcVMRgRTV0sKkVDM,,
Peace Psychological Services,ChIJZRiUvkWRkFMRFpbU8zlGT_Y,,
Peaceful Escape & Rejuvenate Massage & Wellness,ChIJVUhDMVP5n1MRMisxn2O_zwA,,
Peaceful Tides Therapy,ChIJ1eoBzej5n1MRMNX0yxirfkg,,
Pearl Psychological,ChIJR2pyJkQhoFMRVqJxJWVT3Oo,,
Pearl Specialist Clinic,ChIJfyaTYI9fcVMRCUfvknjMsJE,,
Perception Psychotherapy,ChIJQZaY31A7oFMRCXP38_BFjnE,,
Perceptions Counselling Services,ChIJQ_yT0-nzn1MRyhOPZzmYZY8,,
Pfeifer Lucille Counselling & Consulting Services,ChIJQW9ebcO7ClMR9WziAS_KAss,,
Phoenix Rising Massage Therapy Ltd.,ChIJr9Rc8vuXkFMRho7H1CBr7vA,,
Phoenix Wellness,ChIJBYaJ8u2On1MRHAhzWsjfyec,,
PhysiGO Spruce Grove,ChIJVanh_v2Pn1MR4E80x5vXfXQ,,
PhysioWorks Physiotherapy COOPERS TOWN PROMENADE LOCATION,ChIJbx3jsJJfcVMRxkj9uKxcU-s,,
PhysioWorks Physiotherapy- KINGSVIEW MARKET LOCATION,ChIJT3QVeppfcVMRrOUFSFDJYK8,,
Piekenbrock Psychological Services,ChIJX_9tUlaXcVMRk2eVcbosQnM,,
Pillar of Support Psychology,ChIJNRn_Sk49oFMRUcnstfai93A,,
Pine Cone Health,ChIJI4323L4ZoFMR-IpOxW7OzN0,,
Pine Integrated Health Centre,ChIJnT1LanMZoFMRO5YGTxqfXwM,,
Pine Integrated Health Centre,ChIJfw7UUJAXoFMRaoCsuLoC6h4,,
Pinnacle Chiropractic & Massage,ChIJiZ5dwD4JsFMRUY_B6l-NdDQ,,
Playful Expressions Child Counselling,ChIJh-r3WzwloFMRsqgvHtZ0Njo,,
PMH Psychological Services,ChIJIzsY1UiRkFMRN61oOEOeHfY,,
Power Psychology,ChIJvbFucH89oFMRMUO_zgXEn9I,,
Power Psychology & Associates,ChIJG4Xj1RkloFMRqHxNoSQsYms,,
Power Psychology & Associates,ChIJXccT-NQXoFMRGBtDV_ANUCI,,
Prairie Counselling & Support Services,ChIJ5z42M9CRkFMRJ-rsWo0Wbbw,,
Prairie Owl Psychology & Counselling,ChIJfXvbNokioFMRuNKEi--4_SM,,
Prairie Sage Counselling & Consulting,ChIJiWGMb8uHblMRiXGkzbwOOuc,,
Prairie Sunrise Counselling - Leduc Office,ChIJcy5JjPHoKgARcis2_z9enSY,,
Present Mind Wellness,ChIJEZMW98ktoFMRGfiYLbrn1-Q,,
Prestige Physiotherapy Inc.,ChIJ9Xuee7S7ClMRW3PC1EC3V2c,,
Prince Albert Catholic Family Services,ChIJj-AAo4d6AVMR8d6BYWB4MZ0,,
Prism Cross Massage,ChIJ_9Wsl_e7ClMRitlkXomu7wU,,
ProActive Health,ChIJfWxXlnw_cVMRbWH4mLgeXV0,,
Progressive Canine Rehab (located inside Progressive Physiotherapy & Wellness),ChIJ1edTUQiRkFMRNQXT9PC58VE,,
Progressive Physiotherapy & Wellness,ChIJB8G4ouWVkFMRWOlYZ9jPQLI,,
Prusik Youth Counselling and Mentorship Services: Cochrane Location,ChIJBQMlYZ1AcVMRUPJmrgQ0R7M,,
PsychInsights Psychological Services Inc,ChIJH166fIRfcVMRABzkqD8_sM4,,
Psychological Patterns - Therapy with Jordan Bateman,ChIJHT3mL8GZcVMRIQVHx9QdCY8,,
Psychological Services At Consciousness Studio,ChIJ33atUBMjoFMRGPXH1PTDr7Q,,
Psychologist,ChIJ88jAQzoloFMRUvAcWlTbaPc,,
Psychology & DBT Centre Inc,ChIJbc8ClXRWdFMR5NnuSY1LH58,,
Psychology Center Inc. (The),ChIJYTai-rIXoFMRIwIIAP47vdo,,
Psychology In The Park,ChIJZ4poJfwXoFMRnQUyKpJxiC4,,
Psychsmith,ChIJddqU2mwJsFMRRd0FU7jLbcc,,
PsychSolutions Inc.,ChIJ_-CpkjAioFMRMt64yI5oMqE,,
Psynergy Centre Health & Wellness,ChIJ64BCPQ0tE1MRYj38RLUvHcI,,
Pure Spa,ChIJvbwl4bWHblMROzNmPDVssXc,,
PureREVIVAL,ChIJWUmBP2SyCVMRvUW5m7kKIsU,,
Pyramid Psychology,ChIJ04yY4Ll3cVMRXDqyPh8edI0,,
Quiet Healing Counselling And Yoga,ChIJv08Q2x6HblMRjvFLwQqamcI,,
Quiet Waters Psychology,ChIJ4cqsEH0noFMRrpoqcmLium0,,
Quietude Massage Therapy & Wellness,ChIJtZe1jZSzCVMRU2pY2Q2Coa4,,
Randi Gabruck Psychological Services,ChIJmVYJPipHoFMR2y0ej6CN5aU,,
RAVENCROPHT TRANCE-FORMATIONS,ChIJ_yFjXH2zCVMRDtmCBnI-CKg,,
Real Life Counselling Services,ChIJq6pqGisioFMRxbztgybyuvE,,
Reality Counselling & Support Services Inc.,ChIJwVAPF8S7ClMRGD8Ca0Oi3SE,,
REBECCA MARTIN PSYCHOTHERAPY,ChIJ_f8vmUuRkFMRryNdhukZJJ4,,
Rebecca Teebay-Webb & Associates,ChIJCzPBtr1vcVMRUOEOrO4Ia-4,,
Rebound Health Centre,ChIJORafIY-IblMR4IhErx-fmCY,,
Reconnect Counselling,ChIJc7Nzz76RkFMRBf2creeBLEw,,
Reconnect Mental Health,ChIJD5zgHut1j1QRUgq9grW_h_o,,
Recovery College - Grande Prairie,ChIJNVT3sduRkFMRpIPa8nkbmEc,,
"Recovery Lab - Mind, Body, Stretch, Massage",ChIJnTU3JcpXdFMRVJxDrw72xOo,,
Recovery Room GP,ChIJBUKwawCRkFMRMv5D5dBzviQ,,
Red Deer Healing and Wellness Center,ChIJE3yFa5dVdFMRbFLSyjBtCz8,,
Red Deer Outreach Centre (formerly Central Alberta Women's Outreach Society),ChIJ9a2ApOxIZUERzGY6A6jwIpw,,
Red Deer Psychiatry Clinic,ChIJgSYGICdUdFMR87smPNS8Iy8,,
Red Deer Therapy Inc.,ChIJN0zlih1VdFMRed21kon8g3Q,,
ReDiscover Psychological Services Inc,ChIJy5CTBtcjoFMRe9ZU0r3UDxc,,
redwillowcounselling.ca,ChIJ3RJ8s2GzCVMRKTfhWoWdB2Y,,
Refine Psychological,ChIJ_-CtHx9CH4wRl8eqrJmEZUE,,
Refined Health & Wellness,ChIJveQ5qNgloFMR1WoWwg_HoUk,,
Reflections Counselling and Coaching Centre,ChIJGxx0Nm9fcVMRmCD3uJmuku8,,
ReFocus You St. Albert,ChIJjS47hAUvoFMRpU5_uv4Xf60,,
Reframed Psychological North Edmonton,ChIJv61rieIloFMRg6fAmJulQd0,,
Reframed Psychological South,ChIJ3W3cEoj1n1MRExrayDJSNu4,,
Refresh Centre for Health and Wellness,ChIJwzcITbqHblMR8s04VEQ5mVM,,
Refresh Counselling,ChIJ3-ctmRNvcVMR-1ciYcVFNkA,,
Refresh Counselling (South),ChIJVXUkGCZ3cVMRCV9eSLteCto,,
Refresh Health & Wellness,ChIJ3cqjGtEXoFMRETfsr7bWhMM,,
Refresh Wellness Centre-Leduc,ChIJ0afWv_75n1MR80mspmwxZn8,,
Refreshing Times Counseling Center,ChIJhx8lUPyFToYRxAc-ahe_F8I,,
Registered Psychologist,ChIJHwRAGaT5n1MR-Kx0EXrGuHo,,
Rehabilitation Psychology Edmonton,ChIJDeX4LTshoFMROqKSPAhoqnE,,
Relate and Recover Counselling,ChIJieCkgxaHblMRz76zvsdY34U,,
Relate Counselling,ChIJd5zbwiRpcVMRISSHM7mG9QM,,
Relationship Counselling by Joyce Schafers,ChIJLSOD6HUmoFMRI9rhX6SvPic,,
Relief Psychological Services - Edmonton Therapists,ChIJ25vbe8AfoFMR2hJMRvC4u10,,
Relieflex Urban Wellness Inc.,ChIJsyqvZRP5n1MRNcb7GW-XaGQ,,
ReNew & Flourish Mental Wellness,ChIJCRPofnhVdFMRHy28b3AVWpw,,
Renew Wellness Collective,ChIJbaBTQW4noFMRI_aojISLV64,,
Renewed Wellness Massage,ChIJH5dGThy7ClMROtcDf43SPe8,,
Renyou Psychology,ChIJuydZGq9VdFMRstkd83Mz3AM,,
Reset & Balance Massage,ChIJbfzG8V-XkFMRg1v7jh_PQJw,,
Residents in Recovery Society,ChIJY2qWn3uzCVMR4jsxOU0FkFs,,
Resilience Counselling and Consulting,ChIJo9f-R_VvcVMRuYrwM7eJ-Z4,,
Resilience Psychology,ChIJPz_mnP5fcVMR4Y_XnaMrdI8,,
Resonance Psychology,ChIJK0_aQQAloFMRy5vxtHpEkE8,,
Respiratory Dynamics Group - Leduc,ChIJiV5RzM75n1MRF9kJ_EjC4-o,,
Restless Minds Counselling,ChIJVVUFDraHblMR79Q_hGHgmjo,,
Restorative Whole Health,ChIJpzDV5QmZcVMRPwwSy_JyI9c,,
Restore Psychology,ChIJV6Qh2olxcVMRKL38RKQlBSY,,
Restored Balance Massage & Wellness,ChIJL5hrfFhBcVMRuKT6H-u_7fo,,
Restored Wellness,ChIJyU4Oyl5fcVMRcks9YoLVYk8,,
Restoring Peace Counselling,ChIJNxioWmOTkFMRQkNZp5dZ_vw,,
Revelation Counselling & Psychological Services,ChIJ0RXidPMjoFMRFpELPj5cdGU,,
Revelation Counselling & Psychological Services Inc.,ChIJTeqB5tGPn1MRlsHoOxl1Jl0,,
Revital Health Physio & Massage - Airdrie,ChIJW5X-t6dfcVMRC1zBfnbMTF4,,
Revitalize Psychology,ChIJ15WN3m1WdFMRZJeovk0yT2M,,
Revival Therapeutics & Performance,ChIJm3x7GftfcVMR7znHyes1vUI,,
Revive Counselling,ChIJkWXPJn8loFMRlRANhQSvFws,,
Revive Wellness & Massage,ChIJsXDL3XUtE1MROYfWg5XxBlo,,
Revive Wholebody Health,ChIJQYKo-OUloFMR94WIJFllSxU,,
Revolution Physiotherapy & Massage,ChIJu4X9NMqPn1MRg6Vv9KOazSo,,
Rich and Grounded,ChIJGSEkExBVdFMR2L4plU7Abpc,,
Richard Luykenaar,ChIJ0YbCK7iHblMRuOCw-ki2Wvw,,
Richardson Carmen,ChIJxYfL4dtvcVMRLWIY-Of42Gs,,
Ridgeline Therapy,ChIJDQIISysloFMR6jxgbosd6m0,,
Ripple Effect Wellness Centre,ChIJa90TlSokoFMRKS1x5Ru1M2Y,,
Rise and Shine Psychology and Counseling,ChIJj2xNXOMvK20RHRF0urzMzHw,,
RISE Anxiety and Depression Clinic Edmonton,ChIJbQkWfckjoFMRUkhByrQYEU0,,
Rise Wellness Collective,ChIJ6TPeV9RvcVMRDPM2FXXp8rQ,,
RiseUp Massage & Wellness,ChIJtxGUzvGPn1MRBe2sNzjksvs,,
Riseup Society Alberta,ChIJ3bKpwg35n1MRISHOMljKbok,,
Rising Sun Psychological Services Inc.,ChIJE9baS4dlcVMRpORQvTYrojg,,
Rising within counselling,ChIJm6HCi5r3IogRMS6eLcbrFDw,,
Rivers Edge Counselling Centre,ChIJWbKGRN8loFMR45BrHIRJ9mc,,
Riverside Sports Therapy,ChIJX4C02A9BcVMRDtMTC-OXWdc,,
Riversong Counselling and Craniosacral,ChIJl6ceu6Q_cVMRXwmLkmzJuT4,,
Riverstone Counselling Centre,ChIJa1JwNn0fhYcRZnxK1qLRXlM,,
Riverwest Therapy Collective,ChIJrcRDuoJvcVMR7gafw86J1J4,,
Rivia Therapeutics - Injury • Sport • Chronic Pain,ChIJYw-PXBizCVMRJQv_zmiiZig,,
RK Counselling Ltd.,ChIJTWTpzNBQdFMRO2DwVcVODIY,,
RLT Marriage Counselling,ChIJvwLKXNcs5iARnhOIHArKhbo,,
Roar Physio Wellness,ChIJ3TiO-skXoFMRS57FRXEZXxo,,
Rob Smith Counselling,ChIJUZ7DLq-RkFMRgirnnmfEByA,,
"Robert Hammel, Psychologist - Airdrie",ChIJNyUmvWtfcVMReFEwLl-HhFY,,
Rock Garden Counselling,ChIJ6d-IszVfcVMRO0J5YjF-gTA,,
Rockey Consulting,ChIJF0yQJbNVdFMRQvd9dZGh5vY,,
Rocky Mountain Harmonic Egg,ChIJx6abAZNBcVMRMNzPVkU_ghw,,
Rocky Relationship Counselling,ChIJMxrrdR5pcVMR6Kl_5arWW2A,,
Root & Bloom Psychology,ChIJW4w3DwAXoFMRTp95y9bPQQU,,
Rooted in Growth Counselling Services | Cora-Lee McKean,ChIJeW92IxSzCVMRGKzPUOQ-eJc,,
Rooted Willow Relationship Centre,ChIJqeraGqpxcVMRuysNqFT4Qg4,,
Rosalind Wells Psychology,ChIJpea7_CpVdFMRN5BJw2Y3u3w,,
Ruby Therapy Services,ChIJ4fNoXbkloFMRA7y5Kqg43Nw,,
Run Free Counselling Centre,ChIJGfZzUhmHblMRYGtekFCb5fs,,
Ruth Pullam Counselling,ChIJrU0u5RsnoFMRzo55UB3-NFA,,
RWC Counselling & Psychology,ChIJsShjZUNxcVMRUXN3GSSB2Ao,,
RX Physiotherapy,ChIJg-E7QAr5n1MR6c-slLFLI84,,
S. Bain Counselling Services,ChIJU1F2KvWRkFMRBOGTBZo7EX0,,
Sabe Wellness,ChIJaxBiedWtCVMRnrWkMgs-5X4,,
Sacred Hearts Wellness,ChIJG-PmDPa7ClMRJ09D10-W5QE,,
Sacred Pangea,ChIJPSjWw9Y_cVMRbVhLgV4cUv0,,
Safe Haven Counselling,ChIJT97DOpdvcVMRHcGnqeL-4z0,,
Safe Psychology Inc.,ChIJ3xqDCc-RkFMRzBmVo287daQ,,
Safe Roots Psychology,ChIJzQzfy6EXoFMRfLSD60D57mI,,
Safe Solace Inspired Healing Ltd,ChIJTfI69l1UdFMRr3uurp8Pr0Q,,
Saffron Centre Ltd,ChIJh6ypmK0XoFMRecQgX3a6myQ,,
Sagacious Counselling,ChIJSZDgDx0foFMRlRy57KXmUPM,,
Sage & Co. Pscyhology,ChIJg4LEjIOZcVMRQoabkZnG3Vs,,
Sage & Stone Counselling & Assessment Services,ChIJA8wUTEYXoFMR41IUmF2BTno,,
Sage and Soul Salon Spa Wellness,ChIJD30EavGtCVMRujpGdcUfSdo,,
Sage Counselling and Wellness,ChIJ5Td9pkBC_6ER8lQMGGaLCxA,,
Sage Counselling Services,ChIJEwa2ln4joFMR9No55LQOzSY,,
Sahaara Therapy Services,ChIJSycQTaY_cVMROIRHaTGj5hw,,
Salt Water Wellness Centre,ChIJDV5tXYNAcVMRgFQpMkGRKBI,,
Sana Psychological,ChIJV3uvQjRxcVMRHBi-DMajNt8,,
Sanare Centre,ChIJMaoablosE1MRbgXNAO_jFCc,,
Sanative Therapy,ChIJgWsH3NLIyCgRR6aqBOFnexI,,
Sandra Annis Counselling Psychologist,ChIJB-WgsLWHblMRGNWX_oKNoXo,,
Sandy Stevens Consulting Counselling Services,ChIJRaTHa24tE1MRO4Qsn_rsaOY,,
Sankalpa Psychology,ChIJa62PQwBBcVMRwhv3Eox3Nac,,
Sankofa Counselling Service,ChIJQae8aDGjY0ERMIP7kszFb-k,,
Sano State Health Clinic,ChIJGcum4eQloFMRcIvcvOAMIC4,,
Sano State Psychology,ChIJe3Rl-VxfcVMRBENJ0oYgBtA,,
Sarah Olson Counselling,ChIJVVWJ5c2HblMRA003O0lO8Mw,,
Sather Reid Sport Medicine North,ChIJQzOMcKEloFMRHFYOiZI-QVY,,
Savanna Psychology,ChIJOUgY1SpjcVMR4hf_86FCyKQ,,
Saynas Collective healing,ChIJlUU3skQtE1MRS6rEbnWhzh4,,
Scarlett Psychological Services Ltd.,ChIJA_KCBZIjoFMRLC8qYAPDZGQ,,
Schaefer Counselling Services,ChIJCTowKLUnoFMRo4A53sFZ27g,,
Schaffer Psychology - Stony Plain,ChIJHXXEPAaPn1MRLeIbeQzpdNg,,
Schaffer Psychology - West Edmonton,ChIJpZ962NghoFMRzrzjuHhgjPA,,
Schizophrenia Society Of Alberta,ChIJMbGfPC9UdFMRufbdJgTtgQ8,,
Schritt Linda Counselling Services,ChIJ08T4Q8S7ClMRU7MT1gUcrTs,,
SD Wellness,ChIJD8TUsL9VdFMR2OZSXgRIp50,,
Seeds of Hope Psychological Services Inc.,ChIJUSOHDbiPn1MRyGHk20L1IRo,,
Selah Family Counselling,ChIJVVWVYmc_cVMRqyUB_X2a1Pc,,
Self Compassion Co,ChIJD0WH5koXoFMRAWX8GdbODEg,,
Self Love Counselling,ChIJ-ynYiHqWiSYRc6T9pvXvhHE,,
Self Obsession Massage Therapy,ChIJJRGEApSW82URAecaHHooeZg,,
Sendero Centre - Central Alberta Sexual Assault Support Centre,ChIJ_eto9SRUdFMRVL4x4xolems,,
Sentry Counselling Psychology,ChIJeV74cPVBcVMR59aMlRLbPAs,,
Serenity Counselling and Wellness,ChIJL-X5CImXkFMREjn9TSbKYsY,,
Serenity Now Wellness,ChIJM1yPt3tlcVMRBX-SOhFxDyg,,
Serenity Reiki by Mel & Psychic Medium,ChIJv3LpzG5VdFMR5iVTM9J1keM,,
Serenity Wellness Ctr,ChIJ-2RyGXEtE1MRlz0-VuRG0DM,,
Servus Sports Centre,ChIJ5wucvxStCVMR9Qyj5YohhMw,,
Sexual Assault & Abuse Programs and Services,ChIJe0FcOrUIsFMRCpTQtLgZtCU,,
Shabani Psychology Inc,ChIJl98m1TAjoFMRF7FYxr9QBzs,,
Shalom Counselling Centre,ChIJkSZD5eBVdFMR-9Bc-OgKWuc,,
Shane Andrus & Associates Counselling Services,ChIJgwcDSPgsE1MRryBpla05X_U,,
Shannon Martin Counselling Services,ChIJ25uKddctE1MRIgTGPU7Ga1E,,
Sharie Hohn: Illuminate Your Potentials,ChIJL5UNaYgsE1MRDhW5GeVIF1E,,
she achieve studio,ChIJkUfFJK0JsFMRW3109DNjDHg,,
Sheena Reichert Counselling Services,ChIJ2bElSfqZcVMRnzEeo3KhUtQ,,
Shelley Hanna Psychology,ChIJofhuVjxxcVMRx70mQCBf5IM,,
Shelley Klammer Counselling,ChIJtevkDDyHblMRvI7LP9FIM0w,,
Shelly Qualtieri & Associates Calgary Counselling & Coaching,ChIJaVBsLdhpcVMRNBAefheE7uU,,
Sherri Wright,ChIJAQAQ2yNUdFMRV-6v2Bb4nAA,,
Sherwood Park Counselling Centre,ChIJjyH8sowXoFMRapyuT8uEtiw,,
Shifra Centre for Wellness,ChIJCyWvsZ1AcVMRHNRv5UmXWrs,,
Shifted Mindset-Coaching by Prista,ChIJD2NEMw6Pn1MR9qeHCvyPB7I,,
ShiftGrit Psychology & Counselling,ChIJVbclJSBwcVMRcSJPaEzXlbA,,
ShiftGrit Psychology & Counselling,ChIJM6ZKYNMjoFMRHod2ZH7wTRs,,
Shifting Gears Psychology Inc.,ChIJX2Ve4-UjoFMRjlcXVMKHzg0,,
Shifting Mocean,ChIJW5RsfWdBcVMRVRjhCA0Lf5k,,
Shilton Therapy,ChIJzXcX8JxAcVMR5c4do7D5JIA,,
Shine Counselling,ChIJ21oTKJ9BcVMRxyWW-v6BIRc,,
Shore Psychological Services,ChIJofe0L8mHblMRFDs24hZ5WWY,,
Siam Healing Thai Massage,ChIJ6S_--EqRkFMRpVlRPjIwN3w,,
Silverlining Psychology and Wellness Inc.,ChIJ6-COTQsmoFMRbEMOhQ2J9gs,,
Simply Beeing Counselling,ChIJ68VcUnSXcVMR9yWNGL8aPBU,,
Simply Counselling Services,ChIJt-UyLX9ocVMRVQSIOoisveI,,
Simply Me Psychology,ChIJ8zPphl1fcVMR1hFK9k8hoCs,,
Sip & Psych,ChIJVVXFOpdvcVMRpuBzCxG0_tI,,
Sitka Health Collective,ChIJmyaaTcYJsFMR8vLYeLPUUWc,,
SIX08 Health,ChIJm47fb_6GblMRnm4GaUazphg,,
Slate Counselling,ChIJL45tIksXoFMRjhiwSiEG_q4,,
SLS Centre,ChIJsX3a5YZAcVMRDRgnMgSWZlc,,
Snyder Psychology,ChIJoT3S-NhvcVMR-1qrEhuVxs4,,
Social Shift Therapy and Wellness,ChIJ_a5efVdRdFMReDG-HpNUciI,,
Softstone Counselling,ChIJTegulvInoFMRl8rlOdPM4gI,,
Sojourn Psychology,ChIJd6vv1NYXoFMR1M_wSc1BEeM,,
Solace Psychology & Wellness,ChIJbdiCYaMeoFMRgL55U82bV4o,,
Solace Psychology & Wellness - St. Albert,ChIJhwITs0wnoFMRKQKGhCNn0zU,,
Solace Wellness,ChIJoZZiso_lG0sRoTm6piF0xUk,,
Solara Psychology,ChIJQ3AVBQBBcVMRXLM5CKkdDZk,,
Solasta Counselling,ChIJVVXFOpdvcVMRPO9rwoBUWNk,,
Solauna Wellness & Retreats,ChIJyU812BdfcVMRwGw9gnquma8,,
Solluna Collective,ChIJ7ed7ckQPsFMR5Pj-Ua9jS5s,,
"Solution Focused Psychology Inc. - Amanda Muryn, Registered Psychologist",ChIJeQXYxVAsE1MRbwpO1y34dRM,,
Solutions Psychological,ChIJnZpbLsW7ClMREGAwbWSa-AU,,
Solutions Psychological Services,ChIJ34_itkWRkFMRJTSzgdcycoE,,
Some Other Solutions,ChIJnfyD3LQIsFMRNj0DL5QfTXg,,
Sonder Counselling Group,ChIJY267rRBxcVMRn2sIKL2dX-M,,
Sonita Goehring Counselling Services,ChIJ1UJNr-MtE1MRg4sHM8_csjs,,
Soul Psychology,ChIJ9VeDnbKVkFMRRwu7Jfm4_5I,,
Soul Sisters Healing Haven,ChIJ86BVwvKHblMRAZNXx9zhTdw,,
Soul to Sole Energy Healing and Reflexology,ChIJXezwQXi7ClMR-gthuhSlO98,,
Soul2Sole Massage & Wellness - Sherwood Park,ChIJ0TCg9uUXoFMRIvpgs_dHR50,,
Soul2Sole Massage & Wellness Clinic Lloydminster,ChIJMy04OUyzCVMRriDFO2vMPVg,,
Soulstice Wellness Centre,ChIJpVzMUpxAcVMR9POcrBoa8bI,,
South Calgary Psychology Group,ChIJBVjl7TZ3cVMRV3ttLJYtwpc,,
Southeastern Family Counselling,ChIJc4LICFosE1MRMnLWGzOR7Es,,
Southern Alberta Individualized Planning Association,ChIJ2b_qDM2HblMRfhj413buV3o,,
Sparrow Creative Counselling Collective,ChIJ9zZ98EojoFMRg8QZpBVcxsc,,
Spero Counselling,ChIJvyqxtcyZcVMRpuF2XYycSYQ,,
Spirit & Soul Healing Clinic,ChIJ51lUzZpAcVMRTD14Qx2ts_8,,
Spirit of the West Osteopathy,ChIJf2HAj2g_cVMRNvR9lZche7o,,
Springbank Psychology,ChIJ9dZBiLZtcVMRHtW_fcrex3M,,
Spruce Energy Healing,ChIJUc5MbBePn1MRNUHrSpK-voo,,
Spruce Grove Hypnosis,ChIJpZm57_ePn1MReQJxBWwUK4c,,
St. Albert & Sturgeon Primary Care Network,ChIJf16qDnomoFMR6lh_Ks36GGU,,
St. Albert Family Resource Centre,ChIJ6bnoprEloFMRs6Xj6n9RFno,,
St. Albert Massage Therapy,ChIJ8wmpSSskoFMRG879tEIFjR4,,
Stacey Steele Psychology,ChIJu-DPK58tE1MR8ih7LM-OqH0,,
Stadek Clinic Downtown Fort McMurray,ChIJ2Wu2pQgPsFMR_kpF8RjcSJ0,,
Stang Counselling & Psychology,ChIJd7OS2oKzCVMRDTFZlDmJGIk,,
Starzyk-Frey Cyndi Med RSW,ChIJz6upFsyHblMR_yOjxKwpac4,,
Steele & Porret Psychologists,ChIJh_NMPXYmoFMRLr4CIARZ8iQ,,
Steele Vivian,ChIJnZpbLsW7ClMRych-AepqmK0,,
Stefani Atkinson Counselling,ChIJodktrm0_cVMRWaG7l6bW_V8,,
STENY THOMAS-INDEPENDENT COUNSELLING,ChIJE4bMt65fcVMRsY3ft673VX4,,
Stephanie Caras,ChIJbc8ClXRWdFMRcjS1ekz4iiA,,
stepping forward psychology,ChIJrW7-bCiPn1MR9xBY36bJqg8,,
Stepping Forward Services Maxine Poulin,ChIJJRe4ZHxVdFMRx880OjC1lTc,,
Stevens Consulting,ChIJa-Tj06UtE1MRHwV38-uo-fg,,
Stevenson Psychology,ChIJ7aJ_NAcloFMR2UdEzpg2J3g,,
STILL. Therapeutic Pathways,ChIJj1ClMACRkFMRs5ek8_O7CiY,,
Stillwater Counselling & Wellness,ChIJkdTWlH0joFMR3mjNysCodIQ,,
Stillwater Therapy,ChIJAVNUY54PsFMRv6YN3mqBpko,,
STIR Psychology,ChIJwws1aIwXoFMRDjUJfxtUPBU,,
Stoic Soul Counselling,ChIJJTIfXS5VdFMRaroSLad17q4,,
Storcer Psychological Services Inc.,ChIJwVVcW4MXoFMRdI1_9Mtf6YM,,
Storify Therapy Services,ChIJjUCiEBOZcVMRI58tZA2SnCI,,
Strathcona Community Hospital,ChIJ_-flG-U9oFMRkQ_KabbVFQI,,
Strathcona County Primary Care Network,ChIJQ_MJb9AXoFMRgtvasGShfrk,,
Stride Physiotherapy,ChIJE8TicNxXdFMRdX7KXMqz0AI,,
Stride Psychology,ChIJF3K6LZ1xcVMRnIW382nYZFs,,
Studio Elle Medical Aesthetics,ChIJy593rMaPn1MRXKGu1hFbGvM,,
Summers Counselling,ChIJB-zqM9IfoFMRT0o7bxxyjbY,,
Summit Counselling Services,ChIJAWBwRAwioFMRIfIzz4Baez8,,
Summit Counselling Services - Leduc,ChIJxfnNxkX5n1MRJ7jOQxUKvi4,,
Summit Counselling Services - St Albert,ChIJG-iNW30noFMRc2_JzemnUmc,,
Summit Counselling Services - Windermere,ChIJdw-aWxf1n1MRDEgYixHD8mc,,
Summit Psychology,ChIJO826Qe5vcVMRE6srIeV7Qew,,
Summit Psychology,ChIJ1wCCtVdVdFMR6unKQcQ4kWk,,
Suncatcher Counselling,ChIJ81K6peuZcVMRWdf2fYJ7P3E,,
Sunday Psychology,ChIJMUn6RqplcVMRB3aMUW-wrHk,,
Sunflower Psychology - Airdrie,ChIJVxk9iXtfcVMRJQK6Jr9100Y,,
Sunshine Physio and Wellness,ChIJH9OsyydBcVMRw6biKRnh_Jk,,
Sunshine Psychological,ChIJmRZGutonoFMROHxAFjKTXgk,,
Supporting Wellness,ChIJo3lUXyJxcVMRQenG_IY3ssk,,
Supporting Wellness Psychological and Family Services | Therapist Cold Lake,ChIJUf3QkOxxcVMRsP-bd30KDxo,,
Supporting Wellness Psychological and Family Services | Therapist Red Deer,ChIJjxB-jBZVdFMR7l2BUadbYpc,,
Supportive Counselling Services,ChIJ7WFWKibftmkR_uYqd2Pn6us,,
Surge Psychology and Wellness,ChIJZdEDfbyZcVMRW6hCb2GlX84,,
Syed Annie,ChIJnZpbLsW7ClMRVqBbVSrGov0,,
Synapse by Park Integrative Health,ChIJY3gWB8A9oFMRZv46WV8ASCY,,
Syncrude Sport & Wellness Centre,ChIJQRheUPgFsFMRXalj7SWJHkA,,
Syndicated Psychological Ltd.,ChIJFQQsEPyRkFMRRXrR784a4oQ,,
Synergy Collaborative Health,ChIJJ5kV66Y_cVMRU2ojxbkOy0c,,
Synergy Medical Clinic,ChIJ__2gZCgWoFMRa7XPYpUhCds,,
Synergy Wellness Centre,ChIJj34IcYg9oFMRt_66jCrT62I,,
Synergy Women's Wellness Centre,ChIJszmubSkWoFMR-gVHabq1Lac,,
Tailor Made Wellness Clinic,ChIJnaWbwiUWoFMRRWeVGnIbEkE,,
Take Care Therapy Co.,ChIJKdbdvm5xcVMRp1a8SunYX_A,,
Talia Karl Holistic Coaching & Massage Therapy,ChIJub7eawybcVMRPXAbEEUbu9s,,
Talk with Cail,ChIJFfVOk2MtE1MRFzYFN_HuPWo,,
Tamarack Physical Therapy,ChIJma00ykwPsFMRXoEOqrigjiE,,
Tansem Psychology,ChIJEWjrTXT5n1MRS5NAhBOz-Ow,,
Tanya Hansen Therapy - Counsellor,ChIJi67O8cKZcVMRY7XapltRLXo,,
Tasha's Massage Clinic,ChIJTZPeeutPdVMRAe3qLY2s00U,,
Tashi Massage & Beauty,ChIJM4WuZVX5n1MREJSruwvruRw,,
TD Psychological & Counselling Services,ChIJm42OLHYmoFMRTa2iOR6O6-g,,
Teena Garcia Counselling Services,ChIJrWi_1XT5n1MROs_Eo3pL2G8,,
Teske Counselling Services,ChIJS7FMRMdWdFMRRGSr8UM0XvI,,
The Birch House: Psychology and Wellness (Erika Miller Psychological Services Inc.,ChIJzaz_BlosE1MRpFEURRqA_sk,,
The Bridge - Millennium Place (Sherwood Park Sports Physiotherapy),ChIJ00mL75o9oFMR9OCg2w3tL-I,,
The Bridge - Sports Therapy & Training Lethbridge,ChIJx43Qe22HblMRozOzBe2wikU,,
The Bridge - Sports Therapy & Training Sherwood Park,ChIJMZB6bps9oFMRmQ24SZ0eVVM,,
The Calgary Therapy Institute,ChIJEw7g7Hh3cVMRXmnJC7T_9FE,,
The Calm Collective- Ally Schafer RMT,ChIJddQiaOFBcVMRFc4m92CN60s,,
The Cave Sauna Day Spa,ChIJGTIVFJxAcVMRkCsJBj2HA-k,,
The Cognitive Corner,ChIJ35y3bRdxcVMRidf0VyKVwXU,,
The Collaborative Counsellor,ChIJKbTGdoqXkFMRTZ_pD8lFgwg,,
The Counseling Booth,ChIJyRrQvZCyCVMRIQ67bAKV4Js,,
The Counselling Collective,ChIJIZETF8CHblMRQ2eYeaAYuSs,,
The Counselling Space,ChIJ__-P0PoloFMRpbt1XbVVjAU,,
The Family Advocates Canada,ChIJZXbjqBhxcVMRS0h01D5OP_0,,
The Family Centre,ChIJCVp-_DgioFMRQly8IJEB7bk,,
The Family Psychology Place,ChIJGYJSYSBpcVMRys6jEPdIRw8,,
The Family Psychology Place,ChIJMZdE7DBxcVMReiAx4Udypmo,,
The G.O.A.T. Sport Medicine Clinic,ChIJ75kSHTkXoFMR2B5L0FMdwD0,,
The Grey Zone,ChIJq_dTOTMnoFMR9M5OZwQlBjs,,
The Grief and Trauma Healing Centre - Sherwood Park,ChIJIdxH5SoioFMR3m9OTR5qic4,,
The Haven Day Spa and Wellness Centre,ChIJ7QVmiu9BcVMR1N607b0jxcY,,
The Haven Wellness,ChIJKdRAGrpVdFMRsRaGwfsZtAY,,
The Healing Cabin,ChIJYb-xLLyPn1MRCH6W4HNdA3o,,
"The Healing Hive, Wellness Collective",ChIJof9SO4HgIIgRlw4M2eZtp1s,,
The Healing Studio YLL,ChIJj0_DElOzCVMRZmyhsRccHrE,,
The Illuminated Soul,ChIJyaxopNz5n1MR5Hm0Y7JziI4,,
The Kinetic Centre,ChIJDcC7lYYtE1MRfpXkofT9HnY,,
the Lounge Medical Spa & Wellness,ChIJVUvRRoMloFMRs7trlQV9w3k,,
The Love of Attraction,ChIJma5oVBZucVMRQpv6VA8WO3c,,
The Mama Coach - Kate Farkouh,ChIJE3rN-yAJsFMRuqTDDe9Ia00,,
The Nest Chiropractic & Wellness Studio,ChIJH0eeI4NAcVMRr7osB2-vzzM,,
The Newly Institute,ChIJDwba67FxcVMR-XnWVf-7g-g,,
The Next Us Psychology - Medicine Hat,ChIJiZDGDFktE1MRiLT091CiiDE,,
The Open Doors,ChIJnZpbLsW7ClMRu_1pb3vQ1ow,,
"The Psychology Center of Sherwood Park, Inc.",ChIJi1Ff_KAXoFMRXR5HBTjcIPQ,,
The Relationship Coaches,ChIJ1aYFOnRvcVMRhBtWo8Uo48I,,
The Right Room Cochrane Counselling,ChIJqai06jxBcVMRjb4KByCIrqk,,
The Roots of Wellness,ChIJQWMxu8uzCVMRaUF-DY_9L7w,,
The Shape of Counseling - Fort McMurray AB,ChIJrd-J4AYJsFMRLYwKhsFSb94,,
The Skin Therapy,ChIJJa16n2tfcVMRKV3sR0Imoik,,
The Southern Alberta Self-Help Association (SASHA),ChIJQaoUlMqHblMRwKMqSiuvDOQ,,
The Study Movement & Wellness Studio,ChIJW-ajQoZAcVMRwHZHw6it9rM,,
The Therapeutic Way,ChIJfdJCJIpvcVMR5YeAS2BFlsg,,
The Twisted Body Massage Therapy and Wellness Center,ChIJORSUDuoPsFMRo5bwl08o0aQ,,
Theragen Counselling and Consulting,ChIJWQYef3-RkFMROYua-7lhntE,,
Therapeutic Body Concepts Massage - Sherwood Park,ChIJJ8R9ol4XoFMRye4vrj0ekvs,,
Therapeutic Body Concepts Massage - St. Albert,ChIJA7XMljkloFMRXmqS-EI7GEc,,
Therapeutic Intervention Psychotherapy Services Inc. (TIPS),ChIJz2xzlLsPsFMRQUKjgeAa6OU,,
Therapeutic Oasis,ChIJ30UdO6QtE1MRKJlEr-r9UXg,,
Therapy Alberta,ChIJWygNVWx7cVMRRQiXX3CPAc8,,
Therapy Collective,ChIJcaL2D5B7cVMR5bJKyfMAb8k,,
Therapy for People,ChIJtV7ihfplcVMRJ5YZCDAHcuM,,
Therapy Now Alberta,ChIJkdgm809VdFMRc3Uoy50fg5M,,
Therapy West Cochrane,ChIJWx6lVTdBcVMRjW0Evu6f51c,,
Therapy with Katie,ChIJsTmzWAA9oFMRfaYxumIkWXY,,
Thin Blue Line Massage Therapy,ChIJT8zh0Hn5n1MRYGOEoXBMrxc,,
Thrive Child Psychology,ChIJqWahYJgXoFMRR96jBY9Kn7A,,
Thrive Counselling & Assessment,ChIJj5br5EuRkFMRaOWC8fwUhkw,,
Thrive Counselling and Wellness,ChIJkaPSu42HblMR2wvmpkWo-ws,,
"Thrive Counselling, Psychotherapy & Mental Health Consulting",ChIJVVXFuT4ioFMR9tU8XT3sMvA,,
Thrive Physiotherapy and Wellness,ChIJd2tjDVEtE1MRdYJXs1ZNq98,,
Thrive Teen Therapy Alberta,ChIJC-Z9ch8ZoFMRyDSTDRRLt_s,,
Thrive Teen Therapy Alberta,ChIJJQu3g0wXoFMRkO5uBwMVRKA,,
Thriveworks Counseling & Psychiatry Grand Prairie,ChIJnW9buciBToYRZF_aTLefHqg,,
Thriving Future Counselling & Psychology,ChIJKQrhB_dVdFMRieKZ10dJhOs,,
Through Life & Grief,ChIJDbh4QTxVdFMRmzkhTfhnyfI,,
Through the Woods Psychology,ChIJt-r69vB3cVMRNqov33_QIpw,,
Tilley Psychological Services,ChIJt5rgq6UjoFMRPDJMtfOHb5I,,
Timber Ridge Counselling,ChIJ8S4gmwknoFMRySt-efIGUrA,,
Tina Gal Counselling Psychology - Edmonton,ChIJ95UrYiYhoFMRgugcUcBXysM,,
Tlc Therapy Inc.,ChIJAQDU3rQIsFMRccqEA_rG5eU,,
TLV Therapy,ChIJRdJ3Np35n1MR5M2SmRv4-MI,,
Total Wellness Therapy Inc,ChIJM18BBs5fcVMRZ2wn1lAIsqg,,
Touch Treats Wellness Clinic,ChIJGcLuSXz19CcRm77bTXSidPk,,
Transcend Psychological,ChIJqzJmI_YhoFMR4ajiCtUQOO8,,
Transforming Trauma Counselling Centre,ChIJ4aW4oawloFMRserdItqtO5Q,,
Transition Counselling & Life Coaching,ChIJQ768-mtfcVMR-unTLds0d_M,,
Transition Health & Wellness,ChIJEeDvZ5uyCVMRQR4dpsFXMOU,,
Transition Life Wellness,ChIJmQKPZGdfcVMRqYnq0Abfy-w,,
Transitions with Shelley,ChIJqy8KyI-ZcVMRNydT1JHsOwQ,,
Trauma Therapy Solutions,ChIJr2t1NiyHblMRRhH_nxsF5Io,,
Trinity Naturopathic Clinic,ChIJX4IFPpyHW40RqGt9GJrwTrE,,
Triple R Counselling Services,ChIJ0Xto0f_5n1MR3gzcHoJm2Iw,,
"Triune Systems Inc, Coaching, Counseling, & Consulting (Psychologists)",ChIJQTJDsmOyCVMR-QRxUsg-ijg,,
True Balance Counselling North Office,ChIJXSfhFECHblMRXjWC6uILyro,,
True Balance Counselling South Office,ChIJR93Em9WHblMRbkOKHrPhC3w,,
True Balance Medical Spa - Sherwood Park,ChIJ34J4adAXoFMRKuFhAHug01Y,,
True Balance Medical Spa - Spruce Grove,ChIJrdnBt_GOn1MR1iwV84TUN8k,,
True Balance Therapy,ChIJVX1CS4I5-ScRuYMX9qr9T_E,,
True Freedom Reiki,ChIJS32ztYyPn1MRB81qyAyj1DQ,,
True Living Counselling & Coaching Inc.,ChIJ59cO6TiXcVMRin0AA6CTQCg,,
True North Counselling Corporation,ChIJS9Ohytt3cVMRquB-eP8JduE,,
True To You Psychology,ChIJ64OGiIs9oFMRLqDqT-F-88c,,
True-North Community Counselling est. 2015,ChIJp8zHSZvA_0cRdeLromNCg7k,,
TrueHealth & Infinity Massage Centre,ChIJlTazEogPsFMRhm0eGB2blXw,,
TrueNorth Counselling and Support Services,ChIJAQDU3rQIsFMRK3HP8nB7QIk,,
Truly Known Counselling,ChIJCe0xo9GRkFMRCUtn8HTLc7c,,
Turner Counselling - Okotoks Counselling,ChIJ0y-iwliXcVMRIcxoKeTaYKo,,
Turning Point Society: Harm Reduction in Central Alberta,ChIJ3YKn0CVUdFMRSQiL6n41IUE,,
UBU Psychological Services,ChIJ4cgmVACLn1MRYdRW3NYvWcw,,
Ultimate Progress Mediation,ChIJ32N1UZQloFMRpasBmwyADmM,,
Unique Pathways Counselling Services,ChIJo1OPvXhlcVMR10_-lVdGCAQ,,
Unity Collective Studios,ChIJFWtyzBGZcVMRQY_8TBN1zmc,,
Unity Massage & Wellness Clinic Grande Prairie,ChIJF27_XaOVkFMRdI1ZJpST7FY,,
Unsworth Psychological Services,ChIJ4RMCOEuRkFMRL9BcRh6qeIU,,
Untangled Counselling to Coaching®️,ChIJi_SRr77BClMRzcTNX0Lf_kU,,
Untethered Heart Counselling,ChIJ5_BkCs6HblMRQV3S96PqMVI,,
Upfront Counseling Solutions,ChIJ19NSInItE1MRHlDzuQebM2M,,
Uplift Next Level Counselling,ChIJG4v3Q4V0OwMRBDWbI_uiNNw,,
Upstream Psychology,ChIJrR5bCxMnoFMRfBL3qtz2quE,,
UR Plentiful Therapy Inc,ChIJm3eGcxaRkFMRWXVi0b70ZRM,,
Urban Massage & Wellness Inc,ChIJGQStwOYloFMR-Y2T9Ij3RNM,,
Vantage Community Services,ChIJdS-JSTBUdFMRfw4UIrBQkJY,,
Vault Psychology,ChIJdXMeWC4XoFMR3JOZD4pmZN0,,
Veim Healing Massage,ChIJi56zZa4IsFMRiYAezO8iHu4,,
Viable Mindset Counselling,ChIJJaq7LLFvcVMR59ByMK0ICNQ,,
Vibe High - Sound Therapy,ChIJ4VpFVz4_cVMRrOLvYmVBpvA,,
Viewpoint Psychological Services,ChIJXcNQwJZvcVMR6G3ZK0LHnZM,,
Virtuous Circle Counselling,ChIJCzYNJFVxcVMRVz9oCbnyxwM,,
Virtuous Circle Counselling,ChIJ35gwaOgZoFMRFvE4e8Gq6zg,,
Virtuous Circle Counselling Calgary,ChIJM7GPPnxxcVMRXRhkYL7T6oA,,
Virtuous Circle Counselling Calgary,ChIJ8bvoTSZ3cVMRZDkbLzwzBTY,,
Virtuous Circle Counselling Calgary,ChIJ01NMPVNpcVMRgA4WgSWXfhk,,
Vita Counselling Services,ChIJgV5KWL2HblMRKbZ8orhYQ60,,
Vita Sana Naturopathic Wellness Clinic,ChIJ23YPLPKOn1MR1JcoH4KpUdY,,
Vital Mind Psychology,ChIJ8Y4n6ppBcVMRDi4Tjzg27zE,,
"Vivian Steele, Registered Psychologist",ChIJIVfby5N8PUgRbAQVCDYUp9U,,
Vivid Psychology,ChIJqwoBYn9vcVMR1N4nfpD9nuQ,,
Vivid Psychology,ChIJVVXFOpdvcVMRl7d_b8SoBtM,,
VP Health,ChIJXZMNVrqHblMRv204-nkSkz0,,
WALK IN | Community Care Clinic,ChIJfei-FlIPsFMRhYiNkDv12UE,,
Walk-In Clinic - Prairie North Plaza,ChIJc8Omkl-tCVMRmsJ_I61qqMU,,
Wandering North Therapy,ChIJIbMbrRuRkFMRdoL0a-P4ye8,,
Warp & Weft Counselling and Art Therapy,ChIJ3z1IVVWZcVMReNfMfantbIk,,
Waso Physiotherapy and Massage,ChIJbQ2jPWqHblMRT0VQuIWbRSQ,,
Waypoints Community Services Assn,ChIJucq00j0JsFMR6IkMsrlwd_I,,
Weir Psychological Services,ChIJSVfr5tAXoFMRIFHsu0h_Xx4,,
Well Vitality Health Clinic,ChIJke8oGnyHblMRcqxQzyu-jCI,,
Wellness Counselling Centre,ChIJe3maAuFxcVMRnRoK-fu2L1c,,
Wellness Pathway Therapy & Counselling Services,ChIJnQBo5DwdoFMREtHWmoauZhM,,
Wellness Psychology,ChIJAbjCpJJvcVMRy5y8NlWwKPQ,,
Wellness Solutions Inc.,ChIJl7UHLcEJsFMRpWOXJ8dBrPE,,
Wellness with Kaylei,ChIJES9v9rH5n1MRW2KsEFpoVtc,,
Wellness Within,ChIJU7RhBPUmoFMRqO0q1EnRDYc,,
Wellwood Counselling,ChIJVVV5sNgioFMR2mW6_U0Hx34,,
Wessels Phillip Dr,ChIJZzkl-YiyCVMRd4zbX_GC8b0,,
Westbrook Counselling Services,ChIJgfOYB51AcVMRppH0leTultk,,
Western Winds Wellness,ChIJJZMRcPn5n1MRI0oVFmEtCCk,,
Westgrove Clinic,ChIJr9nBt_GOn1MREnLcC7zu6CA,,
Westgrove Professional Building,ChIJ__-PzvOOn1MRs8sJS69cM5w,,
Westlake Dental - Lloydminster,ChIJ_2JcfnatCVMRJJ-KcCO-Q3Q,,
WestView Primary Care Network,ChIJrdnBt_GOn1MRfcADvqwew4Y,,
Whole Brain Neurofeedback,ChIJWeR207YloFMR276lzp8s7wY,,
Wholeness Psychology Centre,ChIJ68IT1pQ9oFMR0QfZCSgi9cA,,
Wholesome Psychology - Edmonton North,ChIJYQ7LKQMloFMR0OKlwpY2o4Q,,
Wholesome Psychology - Edmonton West,ChIJWYgcijIhoFMRTQw0e4zIbfw,,
Wholesome Psychology - St. Albert (Green Grove Drive),ChIJA2Bi2YEloFMR7ResNs1cRhw,,
Wholesome Psychology - St. Albert (Jensen Lakes),ChIJq0Zd3FgloFMR-Jlg1hN1hRU,,
Wild Oak Trauma Centre Ltd,ChIJ_TBq17ZVdFMR3JFmYJK1f9c,,
Wild Rose Therapy Services,ChIJrw3jJMhvcVMRc32bCgqXcEI,,
Wilde Oak Counselling Services,ChIJHbnIn3SVkFMRCsTOWCJTsSE,,
Wildflower Counselling,ChIJ0_LrlQWHblMRHg4pNrMVW48,,
Wildrose Psychology,ChIJRQmvDXlVdFMRbnJ0kEnfdm4,,
Willow Park Physio and Health,ChIJ__-vtqb5n1MRB43csN39Yqo,,
Willow Psychology,ChIJE1olCsgjoFMRtBh_u-U1ens,,
WILLOW THERAPY,ChIJAdvtFkdfcVMRgQAicyBjhOk,,
Wilton Psychological Services Inc.,ChIJ84vmacO7ClMRLFu65-nLjz4,,
Wind Rose Counselling,ChIJjZn31m5fcVMRRQTIogvYGDs,,
Windphone (Donated by True Living Counselling & Coaching Inc,ChIJqa3wXgCZcVMRX-iK54g36HY,,
Wisdom Psychology,ChIJS_IljeBBcVMRmyAzaBACNow,,
With Counselling,ChIJj1sovbAjoFMRG4vPYH9s3o8,,
WJW Counselling & Mediation,ChIJzQeF5nUmoFMR7R0F231LsxU,,
WJW Counselling & Mediation,ChIJUfD0WW4foFMRyV4KFv7ARGM,,
Wood Buffalo Addiction & Mental Health Services,ChIJKSt3KPQJsFMRoNmstq9-Df8,,
Wood Buffalo Massage & Osteopathic Therapy Clinic Foundation,ChIJZeQfjdkPsFMRkQZ7YuYW0kY,,
Wood Buffalo Massage and Osteopathic Therapy Clinic - Downtown,ChIJx4tsJHYJsFMRjOrSNuHMi5g,,
Wood Buffalo Massage and Osteopathic Therapy Clinic - Thickwood,ChIJT_ivdA4JsFMRxH0oH2EGLEY,,
Wood Buffalo Pride Society,ChIJSQuQKecPsFMRN3BhGvmOKvw,,
Wood Buffalo Therapy,ChIJP6wHGVEPsFMRXgdggQI_CjE,,
Wood Buffalo Wellness Society,ChIJuYe77rUIsFMR-_hFxH35Rb8,,
Woodrows Counseling & Consulting,ChIJTRsivLWHblMRcaxsCdKQg1w,,
Woods Psychological Services,ChIJmeU5QMEYoFMRaK5pRhaFUr0,,
Worden Consulting & Counselling,ChIJu_YQxKstE1MRLYSGsHoI-r0,,
Woven Blessings Maternal & Pediatric Services,ChIJbaDZ7dUnoFMRqwz-hDU0VP8,,
Wrensong Counselling,ChIJYYBGSDcloFMREArvyrTGnKY,,
XY Spark,ChIJBYea_bUJsFMRYChs26HnfVk,,
YEG Family Counselling,ChIJCbbYy_AfoFMRdlV0UBD3ahs,,
YEG Psychology,ChIJIQcsiikfoFMRx1WC8s5BqFA,,
YMM Collaborative Practice,ChIJ8XhGWUYPsFMRjCf11mBiAZU,,
Young Therapy,ChIJY0h1662ZcVMRdzRas_C0TUI,,
Your Counselling,ChIJJ87Rp7lvcVMRYAUWNUZqXwg,,
Your Thriving Family,ChIJ3WjEKv5VdFMRwVoUnTYHMUM,,
Yutori Collective,ChIJt7h6bKQloFMRiwpEIqD1_fU,,
YYC Family Therapy,ChIJQwI7HWtvcVMR6qmS01cH-AA,,
Zaman & Associates Counseling Services,ChIJt4DHu3hfcVMRkoMfVXdfimc,,
Zema Wellness Lounge,ChIJE3u7NJIJsFMREKIggh_4FPY,,
Zen Paradise Massage & Wellness,ChIJIzjMwqD5n1MRxSQVoSU8sHs,,
Zenith Physiotherapy and Wellness Clinic - Airdrie,ChIJQZm01qdfcVMRYxWN5XLI-iE,,
